OrderDate,Region,Category,Segment,Sales,Discount,Profit,Month,ProfitMargin
2025-12-18,South,Office Supplies,Home Office,122.18,0.05,24.98,2025-12-01,0.20445244720903585
2025-01-12,South,Office Supplies,Corporate,41.05,0.0,7.87,2025-01-01,0.19171741778319124
2025-12-04,West,Technology,Consumer,89.34,0.05,28.11,2025-12-01,0.31464069845533915
2025-11-23,South,Office Supplies,Corporate,60.32,0.4,-15.79,2025-11-01,-0.26177055702917773
2025-03-05,South,Office Supplies,Consumer,125.09,0.0,33.27,2025-03-01,0.2659685026780718
2025-03-29,West,Office Supplies,Consumer,137.11,0.2,7.95,2025-03-01,0.05798264167456786
2025-03-17,West,Office Supplies,Consumer,140.41,0.05,25.47,2025-03-01,0.18139733637205327
2025-02-10,East,Technology,Consumer,122.96,0.1,2.72,2025-02-01,0.022121014964216007
2025-05-13,East,Furniture,Consumer,255.18,0.1,46.48,2025-05-01,0.18214593620189667
2025-03-05,East,Furniture,Consumer,164.84,0.2,1.09,2025-03-01,0.006612472700800777
2025-09-03,East,Furniture,Home Office,613.15,0.05,147.57,2025-09-01,0.24067520182663296
2025-11-13,East,Office Supplies,Corporate,224.42,0.0,40.5,2025-11-01,0.18046519918010873
2025-08-09,South,Office Supplies,Consumer,58.9,0.05,10.5,2025-08-01,0.17826825127334467
2025-07-12,North,Technology,Consumer,212.43,0.0,47.96,2025-07-01,0.2257684884432519
2025-04-21,North,Technology,Corporate,72.85,0.1,3.5,2025-04-01,0.0480439258750858
2025-01-06,West,Office Supplies,Consumer,156.87,0.0,39.67,2025-01-01,0.2528845540893734
2025-02-10,South,Furniture,Home Office,214.22,0.0,66.42,2025-02-01,0.3100550835589581
2025-02-19,West,Office Supplies,Consumer,588.05,0.05,139.33,2025-02-01,0.2369356347249384
2025-12-06,South,Technology,Corporate,306.05,0.0,73.7,2025-12-01,0.24081032511027609
2025-04-22,North,Furniture,Consumer,235.91,0.05,45.02,2025-04-01,0.19083548810987241
2025-05-17,East,Furniture,Consumer,378.6,0.0,84.64,2025-05-01,0.22356048600105652
2025-03-01,West,Furniture,Consumer,75.74,0.05,10.03,2025-03-01,0.13242672299973593
2025-02-14,West,Office Supplies,Consumer,134.24,0.1,29.48,2025-02-01,0.21960667461263408
2025-11-25,West,Technology,Consumer,201.16,0.1,42.83,2025-11-01,0.2129150924637105
2025-09-07,West,Furniture,Consumer,84.0,0.3,-8.69,2025-09-01,-0.10345238095238095
2025-10-03,North,Technology,Consumer,276.16,0.05,53.9,2025-10-01,0.19517670915411353
2025-05-07,South,Technology,Consumer,285.03,0.0,35.0,2025-05-01,0.12279409184998072
2025-03-18,South,Office Supplies,Corporate,64.55,0.05,15.86,2025-03-01,0.24570100697134004
2025-08-12,West,Technology,Consumer,119.84,0.1,22.44,2025-08-01,0.18724966622162884
2025-04-18,South,Technology,Consumer,540.07,0.0,141.86,2025-04-01,0.2626696539337493
2025-12-10,West,Office Supplies,Consumer,82.76,0.1,13.71,2025-12-01,0.16565973900434994
2025-04-16,West,Furniture,Consumer,140.72,0.1,23.06,2025-04-01,0.16387151790790222
2025-08-28,North,Furniture,Corporate,181.49,0.05,29.62,2025-08-01,0.16320458427461568
2025-09-22,East,Office Supplies,Consumer,59.72,0.2,-0.47,2025-09-01,-0.007870060281312792
2025-03-04,South,Office Supplies,Corporate,400.81,0.0,103.58,2025-03-01,0.2584266859609291
2025-06-14,West,Furniture,Consumer,275.8,0.1,34.21,2025-06-01,0.12403915881073241
2025-04-10,East,Technology,Corporate,97.89,0.0,21.48,2025-04-01,0.21942997241802023
2025-10-12,North,Technology,Corporate,321.63,0.05,64.63,2025-10-01,0.20094518546155518
2025-11-16,East,Furniture,Corporate,56.41,0.3,-9.76,2025-11-01,-0.1730189682680376
2025-01-08,East,Office Supplies,Consumer,682.85,0.2,-34.27,2025-01-01,-0.05018671743428279
2025-04-14,North,Furniture,Home Office,190.7,0.1,17.77,2025-04-01,0.09318300996329314
2025-10-22,East,Office Supplies,Consumer,554.3,0.05,73.44,2025-10-01,0.1324914306332311
2025-08-27,East,Office Supplies,Consumer,365.93,0.2,-5.27,2025-08-01,-0.014401661519962833
2025-11-26,East,Technology,Home Office,111.45,0.3,-11.37,2025-11-01,-0.10201884253028262
2025-11-24,East,Office Supplies,Consumer,373.78,0.05,72.04,2025-11-01,0.19273369361656592
2025-04-14,East,Office Supplies,Corporate,252.64,0.0,69.29,2025-04-01,0.27426377454084866
2025-10-28,East,Furniture,Consumer,371.76,0.2,-10.18,2025-10-01,-0.027383258015924252
2025-01-01,North,Furniture,Corporate,313.97,0.3,-43.5,2025-01-01,-0.13854826894289263
2025-04-27,South,Technology,Consumer,35.9,0.1,5.31,2025-04-01,0.1479108635097493
2025-12-29,East,Office Supplies,Consumer,278.62,0.2,-2.07,2025-12-01,-0.007429473835331275
2025-05-21,North,Technology,Home Office,75.9,0.05,14.0,2025-05-01,0.1844532279314888
2025-10-01,West,Technology,Consumer,108.44,0.0,25.7,2025-10-01,0.23699741792696422
2025-09-06,East,Office Supplies,Corporate,277.8,0.05,57.38,2025-09-01,0.20655147588192946
2025-07-23,South,Office Supplies,Home Office,373.61,0.3,-74.18,2025-07-01,-0.19854928936591634
2025-12-20,South,Technology,Consumer,155.25,0.1,22.66,2025-12-01,0.14595813204508856
2025-06-02,North,Furniture,Corporate,60.59,0.1,13.99,2025-06-01,0.23089618748968477
2025-06-14,South,Technology,Consumer,74.58,0.05,18.08,2025-06-01,0.2424242424242424
2025-07-11,West,Furniture,Corporate,36.99,0.1,4.27,2025-07-01,0.11543660448769937
2025-10-03,North,Technology,Consumer,351.71,0.05,83.63,2025-10-01,0.23778112649626112
2025-01-31,East,Office Supplies,Corporate,67.51,0.1,7.57,2025-01-01,0.11213153606873055
2025-01-11,South,Office Supplies,Consumer,216.06,0.0,57.13,2025-01-01,0.2644172914931038
2025-04-14,West,Technology,Consumer,204.08,0.0,72.24,2025-04-01,0.3539788318306546
2025-10-04,South,Furniture,Consumer,91.12,0.1,5.88,2025-10-01,0.06453028972783142
2025-09-22,North,Office Supplies,Consumer,544.68,0.1,89.33,2025-09-01,0.1640045531321143
2025-12-09,North,Furniture,Corporate,164.59,0.4,-52.56,2025-12-01,-0.3193389634850234
2025-10-10,East,Furniture,Consumer,190.32,0.1,3.9,2025-10-01,0.020491803278688527
2025-12-10,North,Technology,Consumer,158.12,0.0,39.44,2025-12-01,0.24943081204148745
2025-06-24,West,Furniture,Home Office,241.52,0.2,18.19,2025-06-01,0.07531467373302418
2025-02-17,West,Office Supplies,Corporate,178.27,0.2,0.93,2025-02-01,0.005216805968474785
2025-08-18,North,Office Supplies,Corporate,284.55,0.05,60.49,2025-08-01,0.21258126866982954
2025-08-03,East,Furniture,Consumer,135.89,0.1,24.63,2025-08-01,0.1812495400691736
2025-05-18,East,Office Supplies,Consumer,287.28,0.05,53.07,2025-05-01,0.18473266499582291
2025-06-23,North,Furniture,Consumer,233.79,0.1,22.06,2025-06-01,0.09435818469566705
2025-02-28,North,Furniture,Consumer,17.27,0.05,3.02,2025-02-01,0.17486971627099016
2025-08-28,West,Office Supplies,Consumer,294.71,0.0,50.45,2025-08-01,0.17118523294085713
2025-04-03,East,Technology,Consumer,72.66,0.0,18.71,2025-04-01,0.2575006881365263
2025-04-24,West,Technology,Consumer,396.66,0.0,107.19,2025-04-01,0.27023143246104975
2025-01-29,North,Office Supplies,Consumer,157.1,0.0,42.35,2025-01-01,0.269573520050923
2025-01-04,North,Technology,Consumer,165.76,0.1,31.91,2025-01-01,0.1925072393822394
2025-12-06,South,Furniture,Consumer,274.0,0.05,78.34,2025-12-01,0.2859124087591241
2025-12-07,North,Technology,Corporate,86.56,0.4,-23.56,2025-12-01,-0.272181146025878
2025-10-31,West,Furniture,Consumer,176.72,0.3,-24.6,2025-10-01,-0.13920325939339068
2025-01-15,East,Furniture,Corporate,290.86,0.0,70.76,2025-01-01,0.24327855325586192
2025-09-08,West,Technology,Home Office,202.03,0.1,26.97,2025-09-01,0.13349502549126366
2025-07-17,South,Office Supplies,Consumer,185.56,0.05,29.2,2025-07-01,0.15736150032334553
2025-07-17,North,Technology,Corporate,107.74,0.05,26.18,2025-07-01,0.24299238908483387
2025-05-01,North,Technology,Corporate,186.73,0.1,14.79,2025-05-01,0.07920526964065763
2025-09-20,North,Technology,Consumer,165.91,0.0,49.03,2025-09-01,0.2955216683744199
2025-04-14,West,Furniture,Consumer,182.38,0.05,49.96,2025-04-01,0.27393354534488434
2025-08-18,North,Office Supplies,Corporate,43.04,0.2,0.98,2025-08-01,0.022769516728624536
2025-03-13,North,Technology,Consumer,87.35,0.1,19.25,2025-03-01,0.22037779049799658
2025-12-24,West,Technology,Corporate,97.86,0.0,20.87,2025-12-01,0.21326384631105663
2025-09-02,South,Office Supplies,Consumer,331.98,0.05,54.55,2025-09-01,0.16431712753780348
2025-06-13,East,Furniture,Consumer,143.18,0.05,27.25,2025-06-01,0.19031987707780415
2025-07-27,South,Office Supplies,Consumer,161.3,0.1,19.54,2025-07-01,0.12114073155610662
2025-08-15,South,Furniture,Consumer,80.4,0.1,12.65,2025-08-01,0.15733830845771143
2025-12-05,West,Technology,Corporate,255.77,0.2,-16.15,2025-12-01,-0.06314266724009852
2025-02-16,West,Technology,Corporate,258.67,0.3,-33.68,2025-02-01,-0.13020450767387018
2025-05-12,South,Technology,Consumer,185.89,0.3,-13.45,2025-05-01,-0.07235461832266395
2025-02-16,South,Office Supplies,Home Office,265.61,0.2,10.83,2025-02-01,0.04077406724144422
2025-10-13,West,Office Supplies,Consumer,303.17,0.3,-27.09,2025-10-01,-0.08935580697298545
2025-05-30,West,Furniture,Consumer,281.49,0.05,48.53,2025-05-01,0.1724039930370528
2025-01-22,East,Technology,Consumer,57.82,0.4,-16.02,2025-01-01,-0.2770667589069526
2025-01-24,North,Technology,Home Office,88.18,0.2,2.11,2025-01-01,0.02392832841914266
2025-08-24,North,Office Supplies,Corporate,184.45,0.05,27.61,2025-08-01,0.14968826240173488
2025-09-12,East,Office Supplies,Home Office,56.6,0.0,13.62,2025-09-01,0.24063604240282682
2025-04-05,East,Office Supplies,Consumer,101.24,0.05,19.6,2025-04-01,0.1935993678387989
2025-12-23,East,Technology,Consumer,115.62,0.0,28.74,2025-12-01,0.24857291126102748
2025-07-19,South,Furniture,Home Office,100.99,0.05,24.02,2025-07-01,0.23784533122091298
2025-10-04,East,Office Supplies,Consumer,30.76,0.0,6.93,2025-10-01,0.22529258777633288
2025-01-28,South,Office Supplies,Home Office,178.94,0.1,18.12,2025-01-01,0.10126299318207221
2025-01-06,West,Office Supplies,Consumer,634.77,0.1,149.34,2025-01-01,0.23526631693369254
2025-11-02,East,Technology,Home Office,106.78,0.0,30.36,2025-11-01,0.2843229069114066
2025-08-06,East,Furniture,Consumer,497.44,0.05,96.32,2025-08-01,0.1936313927307816
2025-07-11,East,Office Supplies,Consumer,268.37,0.3,-36.74,2025-07-01,-0.13690054775123897
2025-03-24,North,Office Supplies,Consumer,243.63,0.1,34.0,2025-03-01,0.13955588392234125
2025-03-19,West,Office Supplies,Consumer,311.37,0.1,42.64,2025-03-01,0.1369431865626104
2025-12-25,North,Technology,Corporate,252.76,0.0,82.79,2025-12-01,0.327543915176452
2025-05-12,South,Office Supplies,Consumer,247.07,0.1,44.47,2025-05-01,0.17998947666653176
2025-07-04,North,Technology,Home Office,119.44,0.05,30.13,2025-07-01,0.2522605492297388
2025-05-23,South,Furniture,Consumer,114.39,0.2,5.41,2025-05-01,0.04729434391118105
2025-02-19,East,Office Supplies,Consumer,151.86,0.2,-9.25,2025-02-01,-0.060911365731594884
2025-12-10,West,Technology,Consumer,260.12,0.0,86.46,2025-12-01,0.3323850530524373
2025-02-22,East,Technology,Home Office,273.43,0.1,24.88,2025-02-01,0.09099221007204769
2025-09-11,West,Office Supplies,Consumer,30.21,0.1,4.6,2025-09-01,0.15226746110559417
2025-10-08,South,Technology,Home Office,225.57,0.0,64.37,2025-10-01,0.2853659617856985
2025-06-30,North,Technology,Home Office,140.74,0.1,32.5,2025-06-01,0.23092226801193688
2025-11-13,West,Technology,Corporate,102.09,0.05,20.65,2025-11-01,0.20227250465275734
2025-10-31,East,Office Supplies,Home Office,135.87,0.0,27.71,2025-10-01,0.2039449473761684
2025-10-13,North,Technology,Consumer,150.74,0.3,-22.46,2025-10-01,-0.1489982751757994
2025-11-13,South,Technology,Consumer,417.45,0.0,153.9,2025-11-01,0.3686669062163134
2025-11-06,South,Furniture,Consumer,277.73,0.3,-30.25,2025-11-01,-0.10891873402225181
2025-02-10,North,Furniture,Corporate,421.15,0.0,115.25,2025-02-01,0.2736554671732162
2025-08-08,East,Technology,Consumer,54.59,0.05,10.69,2025-08-01,0.19582341088111374
2025-10-29,North,Furniture,Consumer,88.92,0.1,8.77,2025-10-01,0.09862798020692756
2025-04-08,South,Office Supplies,Consumer,282.86,0.05,54.56,2025-04-01,0.19288694053595418
2025-10-20,East,Technology,Home Office,127.6,0.0,33.12,2025-10-01,0.25956112852664576
2025-06-16,East,Technology,Consumer,65.65,0.4,-21.55,2025-06-01,-0.32825590251332826
2025-05-18,East,Office Supplies,Corporate,93.09,0.1,6.55,2025-05-01,0.07036201525405521
2025-05-06,West,Office Supplies,Home Office,178.25,0.05,57.72,2025-05-01,0.3238148667601683
2025-02-22,North,Furniture,Consumer,219.7,0.1,31.24,2025-02-01,0.14219390077378244
2025-03-09,South,Furniture,Consumer,399.84,0.1,28.2,2025-03-01,0.07052821128451381
2025-10-27,North,Office Supplies,Consumer,64.37,0.0,19.62,2025-10-01,0.3048003728444928
2025-05-10,West,Furniture,Home Office,160.69,0.1,25.22,2025-05-01,0.15694816105544837
2025-03-21,South,Office Supplies,Consumer,528.34,0.0,173.02,2025-03-01,0.32747851762122876
2025-03-10,East,Technology,Consumer,21.17,0.1,2.96,2025-03-01,0.13982050070854982
2025-07-16,South,Office Supplies,Consumer,175.47,0.05,37.67,2025-07-01,0.21468057217758021
2025-03-03,North,Technology,Consumer,134.61,0.1,22.82,2025-03-01,0.16952678107124283
2025-05-27,North,Furniture,Corporate,376.57,0.0,123.88,2025-05-01,0.3289693815226917
2025-11-04,West,Technology,Home Office,257.49,0.3,-48.14,2025-11-01,-0.18695871684337256
2025-09-28,West,Office Supplies,Corporate,138.37,0.05,27.2,2025-09-01,0.196574401965744
2025-03-29,South,Furniture,Consumer,157.26,0.05,30.81,2025-03-01,0.19591758870660053
2025-02-16,East,Technology,Consumer,187.6,0.1,24.53,2025-02-01,0.13075692963752666
2025-02-22,East,Technology,Consumer,254.66,0.1,38.04,2025-02-01,0.14937563810570959
2025-05-25,East,Office Supplies,Corporate,210.14,0.4,-53.22,2025-05-01,-0.25325973160749976
2025-03-26,East,Office Supplies,Corporate,80.26,0.1,15.2,2025-03-01,0.18938450037378518
2025-01-11,South,Furniture,Consumer,201.67,0.05,33.31,2025-01-01,0.16517082362275007
2025-07-10,North,Office Supplies,Consumer,50.28,0.05,8.18,2025-07-01,0.16268894192521877
2025-12-29,South,Office Supplies,Consumer,49.44,0.1,12.43,2025-12-01,0.251415857605178
2025-04-07,West,Technology,Consumer,433.34,0.1,101.35,2025-04-01,0.23388101721511978
2025-05-03,North,Office Supplies,Consumer,238.15,0.3,-23.02,2025-05-01,-0.09666176779340752
2025-08-24,North,Technology,Corporate,240.24,0.05,57.41,2025-08-01,0.23896936396936394
2025-07-05,South,Technology,Home Office,44.5,0.05,8.0,2025-07-01,0.1797752808988764
2025-06-01,South,Office Supplies,Consumer,60.85,0.2,2.41,2025-06-01,0.03960558751027116
2025-01-27,South,Technology,Consumer,83.68,0.0,28.04,2025-01-01,0.3350860420650095
2025-03-18,East,Office Supplies,Home Office,100.12,0.2,-9.65,2025-03-01,-0.09638433879344786
2025-03-08,East,Office Supplies,Consumer,64.65,0.0,20.45,2025-03-01,0.3163186388244392
2025-08-21,East,Technology,Corporate,546.14,0.0,164.41,2025-08-01,0.30104002636686567
2025-02-24,East,Technology,Corporate,215.05,0.05,39.82,2025-02-01,0.18516624040920715
2025-05-26,South,Furniture,Consumer,485.34,0.0,122.54,2025-05-01,0.252482795565995
2025-07-13,East,Office Supplies,Consumer,59.72,0.05,12.46,2025-07-01,0.2086403215003349
2025-07-05,South,Furniture,Corporate,326.45,0.0,83.39,2025-07-01,0.25544493796906115
2025-09-16,North,Office Supplies,Consumer,170.07,0.05,31.38,2025-09-01,0.18451225965778797
2025-03-22,South,Office Supplies,Consumer,117.46,0.0,29.5,2025-03-01,0.2511493274306147
2025-02-20,East,Office Supplies,Consumer,45.48,0.0,13.32,2025-02-01,0.2928759894459103
2025-11-19,North,Technology,Corporate,157.87,0.05,29.45,2025-11-01,0.18654589218977638
2025-03-30,South,Office Supplies,Consumer,55.52,0.0,19.51,2025-03-01,0.3514048991354467
2025-03-21,North,Technology,Home Office,138.02,0.2,-8.22,2025-03-01,-0.05955658600202869
2025-12-16,West,Technology,Home Office,119.85,0.0,40.48,2025-12-01,0.3377555277430121
2025-01-07,West,Office Supplies,Home Office,26.26,0.0,6.97,2025-01-01,0.2654226961157654
2025-12-15,West,Technology,Corporate,247.45,0.0,56.91,2025-12-01,0.22998585572842997
2025-02-12,West,Office Supplies,Corporate,202.02,0.05,32.92,2025-02-01,0.16295416295416296
2025-01-23,North,Technology,Consumer,179.59,0.05,35.91,2025-01-01,0.19995545408987134
2025-09-02,North,Office Supplies,Corporate,117.58,0.2,6.78,2025-09-01,0.05766286783466576
2025-04-08,North,Technology,Corporate,20.98,0.2,1.27,2025-04-01,0.06053384175405148
2025-04-21,North,Office Supplies,Consumer,152.26,0.0,48.48,2025-04-01,0.3184027321686589
2025-03-13,West,Furniture,Consumer,151.22,0.0,44.16,2025-03-01,0.2920248644359211
2025-07-28,West,Office Supplies,Home Office,164.05,0.2,-2.08,2025-07-01,-0.012679061261810422
2025-08-10,North,Technology,Consumer,172.07,0.0,38.75,2025-08-01,0.22519904689951764
2025-07-12,West,Furniture,Consumer,465.37,0.0,123.21,2025-07-01,0.264757075015579
2025-12-31,East,Furniture,Corporate,263.23,0.1,30.24,2025-12-01,0.11488052273677012
2025-03-05,North,Office Supplies,Consumer,311.87,0.0,107.52,2025-03-01,0.3447590342129733
2025-12-26,West,Technology,Consumer,236.87,0.05,33.23,2025-12-01,0.14028792164478404
2025-07-28,East,Furniture,Consumer,102.36,0.05,7.67,2025-07-01,0.07493161391168425
2025-10-29,East,Office Supplies,Home Office,404.11,0.0,107.96,2025-10-01,0.267154982554255
2025-12-26,South,Technology,Consumer,84.18,0.0,26.56,2025-12-01,0.31551437396056065
2025-04-14,South,Office Supplies,Corporate,301.22,0.05,71.68,2025-04-01,0.2379656065334307
2025-06-13,East,Office Supplies,Consumer,85.84,0.05,14.8,2025-06-01,0.1724137931034483
2025-01-26,North,Technology,Corporate,247.84,0.2,1.98,2025-01-01,0.007989025177533892
2025-08-12,North,Technology,Corporate,327.73,0.1,49.31,2025-08-01,0.15045921947944954
2025-03-17,North,Office Supplies,Consumer,178.24,0.05,57.16,2025-03-01,0.3206912028725314
2025-01-12,West,Office Supplies,Consumer,217.85,0.1,37.4,2025-01-01,0.17167775992655496
2025-11-29,South,Furniture,Home Office,200.94,0.05,29.06,2025-11-01,0.14462028466208818
2025-07-27,East,Furniture,Corporate,270.72,0.1,62.89,2025-07-01,0.23230644208037823
2025-11-03,South,Office Supplies,Corporate,139.5,0.0,34.18,2025-11-01,0.2450179211469534
2025-08-28,South,Technology,Consumer,156.69,0.2,-7.57,2025-08-01,-0.04831195353883464
2025-05-31,South,Technology,Consumer,244.24,0.05,56.56,2025-05-01,0.23157549950867998
2025-04-12,North,Furniture,Corporate,207.34,0.0,44.13,2025-04-01,0.21283881547217132
2025-03-01,East,Office Supplies,Consumer,225.58,0.2,10.05,2025-03-01,0.0445518219700328
2025-11-19,East,Office Supplies,Consumer,95.65,0.2,4.17,2025-11-01,0.043596445373758494
2025-12-25,North,Technology,Consumer,148.67,0.3,-14.1,2025-12-01,-0.09484092284926347
2025-05-03,North,Technology,Consumer,27.56,0.0,9.87,2025-05-01,0.3581277213352685
2025-01-02,West,Furniture,Corporate,140.19,0.0,36.56,2025-01-01,0.26078892931022185
2025-02-04,North,Office Supplies,Corporate,389.37,0.0,107.48,2025-02-01,0.27603564732773456
2025-02-07,North,Office Supplies,Consumer,95.49,0.0,28.78,2025-02-01,0.3013928160016756
2025-02-05,East,Technology,Home Office,310.15,0.05,64.93,2025-02-01,0.20935031436401744
2025-10-26,West,Office Supplies,Corporate,259.93,0.05,51.19,2025-10-01,0.1969376370561305
2025-04-26,North,Office Supplies,Home Office,159.44,0.3,-21.74,2025-04-01,-0.13635223281485198
2025-12-24,North,Office Supplies,Corporate,139.36,0.1,19.21,2025-12-01,0.13784443168771526
2025-06-22,South,Technology,Home Office,84.23,0.1,19.96,2025-06-01,0.23697020064110175
2025-08-31,East,Technology,Consumer,243.28,0.0,64.97,2025-08-01,0.26705853337717855
2025-04-19,North,Technology,Consumer,466.08,0.0,149.57,2025-04-01,0.3209105732921387
2025-06-27,North,Office Supplies,Corporate,523.66,0.0,179.8,2025-06-01,0.34335255700263534
2025-06-09,West,Technology,Corporate,306.2,0.1,36.43,2025-06-01,0.11897452645329851
2025-03-21,South,Office Supplies,Consumer,157.7,0.2,-2.58,2025-03-01,-0.016360177552314524
2025-03-27,West,Office Supplies,Consumer,311.69,0.3,-49.29,2025-03-01,-0.15813789341974396
2025-01-04,West,Furniture,Home Office,182.14,0.2,-4.97,2025-01-01,-0.027286702536510377
2025-11-08,North,Furniture,Home Office,211.11,0.0,68.58,2025-11-01,0.3248543413386386
2025-11-26,East,Office Supplies,Consumer,341.08,0.05,97.05,2025-11-01,0.28453735194089363
2025-08-10,North,Office Supplies,Consumer,29.24,0.1,3.82,2025-08-01,0.13064295485636115
2025-04-10,West,Furniture,Corporate,93.89,0.4,-19.72,2025-04-01,-0.2100330173607413
2025-02-10,South,Technology,Home Office,535.05,0.0,134.35,2025-02-01,0.25109802822166155
2025-07-02,West,Office Supplies,Corporate,89.37,0.2,1.83,2025-07-01,0.020476670023497817
2025-12-17,South,Technology,Consumer,237.09,0.1,33.9,2025-12-01,0.1429836770846514
2025-12-26,South,Furniture,Consumer,169.13,0.3,-24.06,2025-12-01,-0.14225743510908767
2025-09-03,North,Office Supplies,Consumer,172.1,0.0,38.31,2025-09-01,0.22260313771063336
2025-05-26,East,Technology,Corporate,181.5,0.0,49.2,2025-05-01,0.2710743801652893
2025-09-03,East,Office Supplies,Consumer,321.08,0.05,77.57,2025-09-01,0.24159088077737634
2025-09-05,North,Technology,Corporate,395.63,0.3,-63.45,2025-09-01,-0.16037712003639765
2025-03-10,West,Office Supplies,Corporate,35.59,0.0,7.5,2025-03-01,0.21073335206518684
2025-12-06,North,Technology,Consumer,93.48,0.0,22.39,2025-12-01,0.23951647411210955
2025-03-24,North,Technology,Consumer,278.99,0.05,62.22,2025-03-01,0.22301874619161977
2025-05-16,East,Office Supplies,Corporate,65.43,0.2,-3.33,2025-05-01,-0.050894085281980736
2025-03-09,North,Office Supplies,Consumer,159.46,0.0,32.98,2025-03-01,0.20682302771855007
2025-09-10,North,Office Supplies,Consumer,142.22,0.0,42.64,2025-09-01,0.29981718464351004
2025-09-09,South,Office Supplies,Consumer,84.36,0.1,10.93,2025-09-01,0.1295637743006164
2025-03-18,North,Furniture,Corporate,281.37,0.1,30.85,2025-03-01,0.10964210825603299
2025-04-05,North,Office Supplies,Home Office,34.95,0.05,10.09,2025-04-01,0.2886981402002861
2025-04-30,South,Office Supplies,Home Office,58.26,0.0,10.12,2025-04-01,0.17370408513559904
2025-10-04,North,Technology,Home Office,224.25,0.0,58.88,2025-10-01,0.26256410256410256
2025-11-26,South,Furniture,Corporate,325.01,0.2,-10.48,2025-11-01,-0.0322451616873327
2025-03-01,South,Furniture,Consumer,248.26,0.3,-18.0,2025-03-01,-0.07250463224039314
2025-02-04,South,Furniture,Consumer,97.5,0.05,17.85,2025-02-01,0.18307692307692308
2025-05-04,North,Office Supplies,Consumer,96.74,0.05,30.64,2025-05-01,0.3167252429191648
2025-01-26,East,Technology,Home Office,219.84,0.1,36.62,2025-01-01,0.16657569141193593
2025-07-26,East,Technology,Corporate,339.32,0.0,112.16,2025-07-01,0.33054343982081813
2025-11-27,North,Technology,Consumer,47.29,0.0,11.82,2025-11-01,0.24994713470078242
2025-03-17,West,Technology,Corporate,293.66,0.0,66.62,2025-03-01,0.2268609957093237
2025-10-17,North,Office Supplies,Corporate,437.05,0.4,-85.27,2025-10-01,-0.1951035350646379
2025-01-21,North,Technology,Consumer,99.99,0.0,30.35,2025-01-01,0.30353035303530357
2025-07-30,North,Office Supplies,Home Office,438.77,0.0,132.73,2025-07-01,0.3025047291291565
2025-06-08,North,Office Supplies,Consumer,138.09,0.2,-6.2,2025-06-01,-0.0448982547613875
2025-09-17,North,Technology,Consumer,305.07,0.05,65.36,2025-09-01,0.21424591077457633
2025-10-13,South,Furniture,Home Office,54.72,0.4,-13.2,2025-10-01,-0.2412280701754386
2025-02-17,West,Furniture,Consumer,139.17,0.05,17.74,2025-02-01,0.12747000071854567
2025-01-28,North,Office Supplies,Consumer,410.94,0.0,113.87,2025-01-01,0.2770964131016694
2025-01-26,South,Technology,Corporate,237.62,0.1,48.01,2025-01-01,0.20204528238363773
2025-08-27,South,Furniture,Consumer,278.05,0.05,68.15,2025-08-01,0.24509980219385002
2025-04-05,South,Office Supplies,Consumer,211.26,0.0,69.16,2025-04-01,0.3273691186216037
2025-04-13,West,Office Supplies,Consumer,227.1,0.05,45.4,2025-04-01,0.19991193306913255
2025-07-05,North,Furniture,Corporate,444.95,0.3,-83.64,2025-07-01,-0.1879761770985504
2025-01-30,North,Furniture,Consumer,319.85,0.05,72.27,2025-01-01,0.2259496639049554
2025-11-07,South,Office Supplies,Consumer,124.93,0.0,38.87,2025-11-01,0.31113423517169614
2025-02-17,West,Office Supplies,Consumer,149.45,0.4,-44.04,2025-02-01,-0.29468049514887923
2025-02-17,North,Technology,Home Office,528.06,0.4,-148.35,2025-02-01,-0.28093398477445747
2025-11-13,South,Office Supplies,Consumer,65.06,0.05,13.32,2025-11-01,0.2047340916077467
2025-05-15,West,Office Supplies,Consumer,108.58,0.0,27.23,2025-05-01,0.25078283293424203
2025-04-08,South,Furniture,Corporate,77.4,0.0,29.95,2025-04-01,0.3869509043927648
2025-06-22,East,Office Supplies,Consumer,223.13,0.0,76.81,2025-06-01,0.3442387845650518
2025-08-15,East,Office Supplies,Home Office,192.86,0.4,-46.7,2025-08-01,-0.24214456082132116
2025-06-17,South,Technology,Consumer,130.72,0.1,25.64,2025-06-01,0.19614443084455324
2025-03-20,North,Technology,Home Office,138.37,0.0,33.21,2025-03-01,0.24000867240008672
2025-05-07,East,Furniture,Consumer,92.58,0.05,22.37,2025-05-01,0.24162886152516744
2025-10-05,North,Furniture,Corporate,61.16,0.05,8.82,2025-10-01,0.14421190320470897
2025-04-01,North,Technology,Corporate,40.04,0.05,5.62,2025-04-01,0.14035964035964035
2025-04-23,East,Technology,Corporate,134.64,0.0,45.22,2025-04-01,0.3358585858585859
2025-01-02,West,Furniture,Corporate,147.12,0.05,42.25,2025-01-01,0.2871805328983143
2025-11-23,South,Furniture,Consumer,191.83,0.05,50.07,2025-11-01,0.2610123546890476
2025-02-15,West,Technology,Consumer,364.69,0.0,111.99,2025-02-01,0.3070827277962105
2025-04-07,North,Office Supplies,Corporate,79.81,0.4,-26.51,2025-04-01,-0.33216388923693774
2025-09-08,South,Technology,Corporate,42.08,0.1,7.24,2025-09-01,0.1720532319391635
2025-06-19,East,Furniture,Consumer,50.91,0.1,6.86,2025-06-01,0.134747593792968
2025-08-23,West,Technology,Consumer,175.79,0.05,26.99,2025-08-01,0.15353546845668126
2025-03-21,South,Office Supplies,Home Office,121.6,0.0,35.86,2025-03-01,0.2949013157894737
2025-03-29,South,Furniture,Consumer,135.05,0.0,34.85,2025-03-01,0.2580525731210663
2025-01-23,West,Office Supplies,Consumer,359.68,0.1,58.27,2025-01-01,0.162005115658363
2025-12-17,North,Office Supplies,Corporate,127.67,0.0,36.01,2025-12-01,0.2820552988172632
2025-10-30,West,Office Supplies,Corporate,132.95,0.0,29.95,2025-10-01,0.2252726588943212
2025-11-24,East,Office Supplies,Consumer,149.98,0.05,29.81,2025-11-01,0.1987598346446193
2025-06-02,West,Office Supplies,Corporate,400.96,0.3,-60.07,2025-06-01,-0.14981544293695132
2025-10-25,East,Furniture,Corporate,402.89,0.1,58.74,2025-10-01,0.14579661942465685
2025-06-14,North,Office Supplies,Consumer,239.04,0.0,51.58,2025-06-01,0.21577978580990628
2025-06-09,East,Office Supplies,Corporate,328.55,0.0,108.38,2025-06-01,0.32987368741439654
2025-09-30,South,Furniture,Consumer,192.3,0.1,27.04,2025-09-01,0.14061362454498177
2025-12-10,South,Technology,Consumer,39.92,0.05,8.41,2025-12-01,0.21067134268537074
2025-05-31,North,Furniture,Consumer,131.39,0.05,21.72,2025-05-01,0.1653093842758201
2025-11-24,South,Technology,Corporate,381.91,0.0,114.06,2025-11-01,0.2986567515906889
2025-01-10,North,Office Supplies,Consumer,100.69,0.1,16.56,2025-01-01,0.16446519018770484
2025-08-04,North,Office Supplies,Home Office,148.25,0.0,33.39,2025-08-01,0.2252276559865093
2025-08-12,West,Furniture,Consumer,173.03,0.0,40.47,2025-08-01,0.23389007686528346
2025-06-17,South,Office Supplies,Consumer,52.08,0.0,20.12,2025-06-01,0.3863287250384025
2025-12-26,South,Technology,Consumer,158.12,0.0,41.9,2025-12-01,0.26498861624082976
2025-07-12,North,Furniture,Corporate,60.55,0.3,-12.8,2025-07-01,-0.21139554087530968
2025-07-10,East,Technology,Corporate,168.95,0.0,59.73,2025-07-01,0.35353654927493344
2025-12-11,South,Office Supplies,Home Office,337.29,0.05,98.78,2025-12-01,0.2928637077885499
2025-03-18,West,Technology,Corporate,478.42,0.05,83.66,2025-03-01,0.17486727143514066
2025-04-04,South,Technology,Consumer,201.27,0.05,40.98,2025-04-01,0.20360709494708598
2025-08-12,West,Furniture,Corporate,168.21,0.3,-14.51,2025-08-01,-0.08626122109268176
2025-07-16,North,Technology,Consumer,202.7,0.0,27.69,2025-07-01,0.13660582141095215
2025-02-22,North,Furniture,Corporate,172.11,0.05,29.09,2025-02-01,0.169019812910348
2025-01-08,South,Office Supplies,Consumer,185.24,0.0,53.78,2025-01-01,0.2903260634852084
2025-03-15,North,Technology,Corporate,392.55,0.1,36.58,2025-03-01,0.09318558145459177
2025-12-09,West,Furniture,Consumer,51.01,0.0,14.27,2025-12-01,0.27974906881003725
2025-01-15,West,Office Supplies,Home Office,62.7,0.05,15.77,2025-01-01,0.25151515151515147
2025-02-19,North,Furniture,Consumer,470.18,0.0,165.12,2025-02-01,0.3511846526862053
2025-04-08,North,Office Supplies,Corporate,193.8,0.1,20.93,2025-04-01,0.10799793601651186
2025-08-19,South,Technology,Consumer,292.08,0.0,92.16,2025-08-01,0.3155299917830731
2025-06-03,North,Furniture,Corporate,15.0,0.0,2.94,2025-06-01,0.196
2025-10-24,North,Office Supplies,Home Office,235.73,0.05,77.82,2025-10-01,0.3301234463157002
2025-01-18,South,Furniture,Consumer,274.8,0.0,62.49,2025-01-01,0.22740174672489083
2025-06-10,South,Technology,Corporate,178.8,0.1,21.52,2025-06-01,0.12035794183445189
2025-07-31,West,Office Supplies,Consumer,95.03,0.05,19.21,2025-07-01,0.20214669051878356
2025-12-20,West,Technology,Corporate,107.67,0.0,33.74,2025-12-01,0.31336491130305566
2025-08-20,South,Furniture,Consumer,101.12,0.1,10.21,2025-08-01,0.10096914556962026
2025-08-21,East,Office Supplies,Home Office,131.49,0.1,15.53,2025-08-01,0.1181078409004487
2025-01-14,North,Furniture,Corporate,68.24,0.1,11.13,2025-01-01,0.1631008206330598
2025-07-18,South,Furniture,Corporate,377.57,0.1,67.51,2025-07-01,0.17880128188150543
2025-09-29,South,Office Supplies,Home Office,118.14,0.0,35.81,2025-09-01,0.303114948366345
2025-08-09,East,Furniture,Corporate,422.2,0.0,105.26,2025-08-01,0.24931312174324965
2025-08-11,South,Technology,Corporate,66.85,0.0,23.18,2025-08-01,0.34674644727000753
2025-07-13,North,Office Supplies,Corporate,309.25,0.0,102.12,2025-07-01,0.33021827000808407
2025-12-05,West,Office Supplies,Corporate,268.45,0.05,50.74,2025-12-01,0.18901098901098903
2025-06-12,North,Technology,Consumer,240.19,0.2,-9.74,2025-06-01,-0.040551230276031476
2025-05-14,South,Furniture,Corporate,348.27,0.2,6.47,2025-05-01,0.018577540414046575
2025-02-16,West,Technology,Consumer,257.98,0.05,33.76,2025-02-01,0.13086285758585936
2025-07-31,North,Technology,Consumer,182.41,0.0,42.66,2025-07-01,0.23386875719532918
2025-06-04,West,Furniture,Consumer,231.91,0.0,62.46,2025-06-01,0.269328618860765
2025-12-10,East,Furniture,Consumer,93.0,0.3,-8.0,2025-12-01,-0.08602150537634409
2025-09-01,East,Furniture,Consumer,60.83,0.0,17.13,2025-09-01,0.2816044714778892
2025-04-26,North,Technology,Consumer,39.46,0.0,11.34,2025-04-01,0.2873796249366447
2025-12-07,North,Furniture,Home Office,84.27,0.1,9.01,2025-12-01,0.1069182389937107
2025-10-01,North,Furniture,Home Office,102.1,0.4,-30.66,2025-10-01,-0.30029382957884426
2025-11-12,South,Office Supplies,Corporate,281.11,0.0,62.78,2025-11-01,0.2233289459642133
2025-05-01,North,Technology,Consumer,734.04,0.1,91.78,2025-05-01,0.12503405808947743
2025-07-12,West,Technology,Consumer,46.77,0.05,8.02,2025-07-01,0.171477442805217
2025-02-14,East,Technology,Corporate,92.22,0.05,19.04,2025-02-01,0.2064628063326827
2025-05-13,West,Furniture,Consumer,15.45,0.0,4.47,2025-05-01,0.28932038834951457
2025-02-21,West,Furniture,Consumer,205.52,0.05,25.1,2025-02-01,0.12212923316465552
2025-11-02,South,Office Supplies,Home Office,80.95,0.1,13.27,2025-11-01,0.16392835083384805
2025-11-27,North,Office Supplies,Corporate,378.6,0.1,34.71,2025-11-01,0.09167987321711568
2025-11-06,West,Office Supplies,Home Office,349.26,0.0,122.9,2025-11-01,0.3518868464754052
2025-08-10,East,Office Supplies,Consumer,103.48,0.0,18.52,2025-08-01,0.17897178198685734
2025-11-26,South,Technology,Consumer,404.28,0.05,93.95,2025-11-01,0.23238844365291383
2025-05-14,West,Technology,Home Office,444.58,0.3,-59.0,2025-05-01,-0.13270952359530344
2025-06-15,South,Office Supplies,Corporate,104.1,0.1,7.87,2025-06-01,0.07560038424591739
2025-08-28,West,Technology,Consumer,116.73,0.0,35.58,2025-08-01,0.3048059624775122
2025-06-13,South,Office Supplies,Corporate,62.49,0.05,18.3,2025-06-01,0.2928468554968795
2025-05-24,East,Office Supplies,Corporate,422.77,0.4,-123.28,2025-05-01,-0.2916006339144216
2025-10-24,East,Office Supplies,Corporate,269.72,0.2,-18.15,2025-10-01,-0.06729200652528547
2025-11-24,East,Office Supplies,Corporate,206.28,0.0,68.62,2025-11-01,0.3326546441729688
2025-02-07,South,Furniture,Corporate,95.78,0.0,32.29,2025-02-01,0.3371267487993318
2025-10-30,East,Technology,Consumer,98.02,0.0,28.97,2025-10-01,0.29555192817792286
2025-07-19,South,Technology,Consumer,248.37,0.1,26.09,2025-07-01,0.10504489270040665
2025-08-08,South,Office Supplies,Home Office,95.21,0.0,27.83,2025-08-01,0.2923012288625144
2025-10-20,North,Furniture,Consumer,70.13,0.05,12.64,2025-10-01,0.18023670326536434
2025-02-13,South,Furniture,Consumer,86.68,0.1,16.72,2025-02-01,0.1928934010152284
2025-03-08,South,Technology,Corporate,283.77,0.0,80.82,2025-03-01,0.2848081192515065
2025-09-17,South,Office Supplies,Consumer,320.04,0.3,-19.07,2025-09-01,-0.05958630171228596
2025-03-12,West,Office Supplies,Corporate,478.97,0.05,45.16,2025-03-01,0.0942856546339019
2025-02-11,East,Furniture,Consumer,130.73,0.1,23.13,2025-02-01,0.1769295494530712
2025-07-20,West,Technology,Home Office,147.93,0.2,0.95,2025-07-01,0.006421956330696951
2025-12-11,North,Technology,Corporate,184.33,0.0,68.75,2025-12-01,0.37297238648076814
2025-07-15,West,Technology,Home Office,78.43,0.0,26.5,2025-07-01,0.337880912915976
2025-03-17,South,Office Supplies,Corporate,274.43,0.0,96.0,2025-03-01,0.34981598221768756
2025-03-11,West,Technology,Corporate,112.9,0.1,19.46,2025-03-01,0.17236492471213463
2025-04-03,North,Technology,Home Office,328.29,0.0,90.73,2025-04-01,0.2763715008072131
2025-10-04,East,Office Supplies,Consumer,94.41,0.0,28.3,2025-10-01,0.29975638173922253
2025-12-28,North,Office Supplies,Home Office,189.31,0.0,65.99,2025-12-01,0.34858169140563094
2025-11-10,East,Technology,Corporate,143.57,0.2,-1.03,2025-11-01,-0.007174200738315805
2025-03-11,West,Technology,Corporate,536.81,0.05,149.56,2025-03-01,0.2786088187626907
2025-04-08,East,Technology,Consumer,55.22,0.0,13.34,2025-04-01,0.24157913799348063
2025-04-02,West,Office Supplies,Corporate,177.67,0.3,-35.68,2025-04-01,-0.20082174818483706
2025-06-29,West,Technology,Consumer,153.36,0.0,57.64,2025-06-01,0.37584767866458
2025-11-07,East,Technology,Home Office,139.41,0.0,28.82,2025-11-01,0.2067283552112474
2025-10-29,East,Technology,Corporate,38.77,0.05,9.91,2025-10-01,0.2556100077379417
2025-05-06,West,Furniture,Consumer,196.69,0.0,49.51,2025-05-01,0.2517158981137831
2025-10-22,East,Furniture,Home Office,417.57,0.1,57.57,2025-10-01,0.1378690997916517
2025-01-16,West,Office Supplies,Home Office,461.82,0.05,66.82,2025-01-01,0.14468840673855612
2025-06-20,West,Office Supplies,Corporate,50.81,0.05,18.58,2025-06-01,0.36567604802204284
2025-09-02,North,Technology,Consumer,246.34,0.1,40.87,2025-09-01,0.1659089063895429
2025-07-09,South,Technology,Home Office,134.5,0.4,-40.93,2025-07-01,-0.3043122676579926
2025-03-30,South,Technology,Corporate,334.97,0.0,66.25,2025-03-01,0.19777890557363345
2025-06-19,West,Furniture,Corporate,207.56,0.1,49.17,2025-06-01,0.23689535555983812
2025-06-02,North,Furniture,Home Office,82.03,0.05,19.43,2025-06-01,0.23686456174570278
2025-05-02,South,Office Supplies,Corporate,72.4,0.1,5.44,2025-05-01,0.07513812154696133
2025-04-26,North,Furniture,Consumer,305.74,0.2,0.66,2025-04-01,0.0021586969320337543
2025-12-16,North,Furniture,Consumer,285.27,0.1,41.25,2025-12-01,0.144599852771059
2025-01-29,South,Furniture,Consumer,316.97,0.4,-99.05,2025-01-01,-0.3124901410228097
2025-04-06,South,Technology,Consumer,226.67,0.0,66.98,2025-04-01,0.2954956544756695
2025-11-22,West,Furniture,Corporate,226.34,0.05,24.87,2025-11-01,0.1098789431828223
2025-03-08,West,Furniture,Consumer,215.14,0.05,43.04,2025-03-01,0.20005577763316912
2025-05-06,South,Technology,Consumer,140.12,0.0,45.68,2025-05-01,0.3260062803311447
2025-03-24,South,Office Supplies,Consumer,167.8,0.05,35.68,2025-03-01,0.21263408820023835
2025-03-30,East,Technology,Consumer,176.69,0.1,28.75,2025-03-01,0.16271435848095533
2025-03-20,South,Office Supplies,Home Office,47.01,0.0,10.33,2025-03-01,0.21974048074877686
2025-05-23,South,Technology,Consumer,160.9,0.3,-36.25,2025-05-01,-0.22529521441889372
2025-07-01,East,Technology,Corporate,81.34,0.3,-5.55,2025-07-01,-0.0682321121219572
2025-10-30,East,Furniture,Consumer,942.13,0.1,82.73,2025-10-01,0.08781166081114072
2025-01-15,West,Office Supplies,Corporate,156.02,0.0,53.53,2025-01-01,0.3430970388411742
2025-10-11,East,Office Supplies,Consumer,167.84,0.1,9.34,2025-10-01,0.055648236415633934
2025-11-21,North,Furniture,Corporate,431.76,0.0,91.82,2025-11-01,0.21266444320919028
2025-10-05,North,Office Supplies,Consumer,520.52,0.0,132.78,2025-10-01,0.25509106278337046
2025-06-16,North,Technology,Corporate,99.55,0.1,24.68,2025-06-01,0.2479156202913109
2025-07-27,North,Technology,Corporate,60.54,0.2,-2.12,2025-07-01,-0.03501816980508755
2025-11-09,West,Technology,Corporate,155.47,0.05,23.22,2025-11-01,0.14935357303659869
2025-11-18,West,Furniture,Consumer,94.44,0.0,29.96,2025-11-01,0.31723845828038966
2025-08-10,West,Furniture,Home Office,267.2,0.1,35.87,2025-08-01,0.1342440119760479
2025-06-15,South,Office Supplies,Consumer,107.78,0.4,-33.49,2025-06-01,-0.3107255520504732
2025-03-29,North,Furniture,Home Office,98.21,0.1,17.81,2025-03-01,0.18134609510233174
2025-06-03,East,Office Supplies,Corporate,180.36,0.4,-32.8,2025-06-01,-0.18185850521179858
2025-12-22,West,Office Supplies,Corporate,310.25,0.1,55.52,2025-12-01,0.17895245769540694
2025-10-14,North,Furniture,Home Office,214.14,0.4,-41.39,2025-10-01,-0.19328476697487626
2025-10-25,West,Technology,Home Office,307.54,0.0,86.53,2025-10-01,0.2813617740781687
2025-07-20,West,Office Supplies,Corporate,137.22,0.0,32.83,2025-07-01,0.23925083807025213
2025-10-29,North,Office Supplies,Consumer,82.34,0.2,3.77,2025-10-01,0.04578576633470974
2025-10-10,East,Technology,Consumer,129.53,0.0,39.04,2025-10-01,0.301397359685015
2025-08-04,West,Technology,Consumer,256.3,0.1,43.34,2025-08-01,0.16909871244635194
2025-03-07,South,Office Supplies,Consumer,177.7,0.05,21.52,2025-03-01,0.12110298255486776
2025-11-13,West,Furniture,Corporate,132.86,0.05,31.9,2025-11-01,0.2401023633900346
2025-12-12,South,Technology,Corporate,115.89,0.05,29.29,2025-12-01,0.25273966692553285
2025-09-09,North,Office Supplies,Consumer,37.58,0.1,3.76,2025-09-01,0.10005321979776477
2025-03-12,West,Furniture,Corporate,577.6,0.0,169.65,2025-03-01,0.29371537396121883
2025-06-11,West,Technology,Consumer,127.69,0.0,51.03,2025-06-01,0.3996397525256481
2025-11-12,South,Furniture,Corporate,231.63,0.0,69.76,2025-11-01,0.30116996934766654
2025-06-06,North,Technology,Home Office,145.08,0.0,32.31,2025-06-01,0.2227047146401985
2025-05-25,South,Technology,Corporate,149.96,0.1,19.12,2025-05-01,0.12750066684449188
2025-02-19,East,Office Supplies,Corporate,167.65,0.05,58.38,2025-02-01,0.34822546972860124
2025-12-18,South,Technology,Consumer,112.18,0.1,8.84,2025-12-01,0.0788019254769121
2025-06-19,West,Office Supplies,Home Office,246.04,0.0,62.01,2025-06-01,0.2520321898878231
2025-01-12,North,Furniture,Home Office,418.87,0.0,134.64,2025-01-01,0.3214362451357223
2025-12-09,South,Technology,Consumer,326.56,0.0,72.68,2025-12-01,0.22256246937775603
2025-05-24,South,Furniture,Corporate,79.49,0.05,15.02,2025-05-01,0.18895458548245064
2025-12-18,South,Technology,Corporate,220.99,0.0,52.82,2025-12-01,0.2390153400606362
2025-04-02,East,Furniture,Consumer,101.31,0.05,23.12,2025-04-01,0.22821044319415656
2025-01-20,North,Office Supplies,Corporate,90.29,0.1,7.92,2025-01-01,0.08771735518883597
2025-07-25,South,Office Supplies,Corporate,65.06,0.2,2.75,2025-07-01,0.04226867506916692
2025-04-23,East,Technology,Corporate,187.3,0.0,54.63,2025-04-01,0.291671115856914
2025-08-04,West,Technology,Corporate,37.56,0.0,12.74,2025-08-01,0.3391906283280085
2025-10-12,North,Office Supplies,Consumer,134.41,0.1,13.26,2025-10-01,0.09865337400491035
2025-03-12,West,Office Supplies,Consumer,350.7,0.4,-93.61,2025-03-01,-0.26692329626461364
2025-05-14,North,Technology,Corporate,69.85,0.0,17.0,2025-05-01,0.24337866857551899
2025-09-17,North,Office Supplies,Consumer,130.99,0.1,12.76,2025-09-01,0.09741201618444155
2025-04-16,South,Office Supplies,Corporate,171.58,0.05,43.95,2025-04-01,0.2561487352838326
2025-09-13,North,Technology,Consumer,464.75,0.05,102.36,2025-09-01,0.2202474448628295
2025-01-27,West,Office Supplies,Consumer,258.03,0.0,80.51,2025-01-01,0.3120179824051467
2025-08-13,North,Office Supplies,Corporate,44.29,0.05,8.9,2025-08-01,0.20094829532625877
2025-11-14,South,Office Supplies,Home Office,409.9,0.2,41.2,2025-11-01,0.10051232007806783
2025-08-04,East,Furniture,Consumer,199.23,0.1,18.09,2025-08-01,0.0907995783767505
2025-12-27,North,Office Supplies,Consumer,49.14,0.05,12.72,2025-12-01,0.2588522588522589
2025-04-06,North,Furniture,Consumer,162.11,0.3,-8.52,2025-04-01,-0.0525569058047005
2025-12-11,South,Technology,Corporate,326.42,0.1,44.87,2025-12-01,0.13746093989338887
2025-11-12,West,Office Supplies,Consumer,53.56,0.05,11.44,2025-11-01,0.21359223300970873
2025-10-13,North,Office Supplies,Home Office,184.68,0.1,48.16,2025-10-01,0.2607753952783192
2025-06-09,East,Office Supplies,Consumer,26.12,0.1,1.49,2025-06-01,0.057044410413476264
2025-03-30,North,Office Supplies,Consumer,112.72,0.05,17.11,2025-03-01,0.15179205110007096
2025-02-27,North,Office Supplies,Corporate,279.54,0.1,40.98,2025-02-01,0.14659798239965655
2025-11-15,East,Office Supplies,Corporate,369.16,0.1,40.21,2025-11-01,0.10892296023404485
2025-06-09,West,Technology,Corporate,296.5,0.0,77.44,2025-06-01,0.2611804384485666
2025-02-05,North,Technology,Corporate,177.57,0.0,39.32,2025-02-01,0.22143380075463198
2025-09-07,West,Furniture,Corporate,151.81,0.3,-15.56,2025-09-01,-0.10249654172979382
2025-08-25,East,Office Supplies,Home Office,237.88,0.1,48.45,2025-08-01,0.2036741214057508
2025-06-28,East,Office Supplies,Corporate,289.82,0.2,-4.41,2025-06-01,-0.015216341177282452
2025-10-06,West,Technology,Consumer,423.71,0.05,96.48,2025-10-01,0.22770291000920442
2025-01-31,West,Furniture,Home Office,378.05,0.0,94.43,2025-01-01,0.24978177489750034
2025-04-08,North,Office Supplies,Corporate,330.63,0.0,65.96,2025-04-01,0.1994979281976832
2025-11-04,East,Furniture,Home Office,497.54,0.0,158.36,2025-11-01,0.31828596695743056
2025-04-15,West,Furniture,Corporate,128.53,0.05,29.71,2025-04-01,0.23115226017272233
2025-02-08,South,Office Supplies,Consumer,129.52,0.4,-34.91,2025-02-01,-0.26953366275478685
2025-10-12,North,Technology,Consumer,79.35,0.05,14.8,2025-10-01,0.18651543793320732
2025-09-18,East,Technology,Consumer,85.46,0.3,-15.25,2025-09-01,-0.1784460566346829
2025-12-31,East,Office Supplies,Corporate,280.54,0.1,27.96,2025-12-01,0.09966493191701718
2025-01-01,North,Technology,Home Office,168.92,0.1,20.69,2025-01-01,0.12248401610229696
2025-09-10,South,Furniture,Consumer,38.03,0.2,0.14,2025-09-01,0.0036813042334998686
2025-09-21,East,Technology,Consumer,61.55,0.1,9.09,2025-09-01,0.14768480909829407
2025-04-12,South,Furniture,Consumer,119.52,0.0,39.08,2025-04-01,0.32697456492637217
2025-11-29,East,Office Supplies,Home Office,71.54,0.2,9.0,2025-11-01,0.12580374615599663
2025-08-15,North,Technology,Home Office,231.29,0.0,41.26,2025-08-01,0.1783907648406762
2025-09-17,West,Furniture,Home Office,343.77,0.2,-5.49,2025-09-01,-0.015969979928440528
2025-06-10,North,Office Supplies,Consumer,209.11,0.0,55.19,2025-06-01,0.2639280761321792
2025-09-21,North,Technology,Home Office,115.06,0.0,47.7,2025-09-01,0.4145663132278811
2025-03-08,West,Technology,Consumer,139.41,0.0,46.19,2025-03-01,0.3313248690911699
2025-09-23,North,Technology,Consumer,215.22,0.0,66.43,2025-09-01,0.308660905120342
2025-09-19,West,Office Supplies,Corporate,176.34,0.0,43.95,2025-09-01,0.24923443348077579
2025-10-10,West,Office Supplies,Consumer,262.82,0.05,41.69,2025-10-01,0.15862567536717145
2025-03-08,North,Furniture,Corporate,131.52,0.05,33.27,2025-03-01,0.2529653284671533
2025-05-31,West,Office Supplies,Corporate,439.36,0.0,138.65,2025-05-01,0.3155726511289148
2025-06-25,East,Technology,Corporate,46.13,0.1,7.66,2025-06-01,0.1660524604378929
2025-06-05,East,Technology,Consumer,64.28,0.1,5.9,2025-06-01,0.09178593652769135
2025-10-30,West,Office Supplies,Corporate,146.24,0.0,34.55,2025-10-01,0.23625547045951856
2025-09-28,West,Office Supplies,Corporate,146.49,0.0,34.7,2025-09-01,0.23687623728582155
2025-11-05,North,Furniture,Home Office,166.31,0.0,47.99,2025-11-01,0.2885575130779869
2025-02-24,North,Technology,Home Office,244.39,0.05,45.66,2025-02-01,0.18683252178894388
2025-05-12,North,Office Supplies,Consumer,366.36,0.1,27.44,2025-05-01,0.07489900644175128
2025-12-17,East,Office Supplies,Consumer,88.19,0.0,30.53,2025-12-01,0.34618437464565144
2025-06-14,South,Office Supplies,Consumer,116.3,0.1,15.06,2025-06-01,0.1294926913155632
2025-03-05,West,Office Supplies,Corporate,15.0,0.05,2.54,2025-03-01,0.16933333333333334
2025-02-11,South,Technology,Consumer,282.64,0.0,78.1,2025-02-01,0.27632323804132464
2025-10-21,East,Technology,Home Office,159.98,0.05,24.13,2025-10-01,0.1508313539192399
2025-06-23,South,Technology,Home Office,84.36,0.0,28.92,2025-06-01,0.3428165007112376
2025-02-17,South,Office Supplies,Corporate,316.62,0.0,59.85,2025-02-01,0.18902785673678227
2025-05-01,North,Technology,Consumer,127.78,0.1,11.49,2025-05-01,0.08992017530129912
2025-12-20,South,Office Supplies,Home Office,185.18,0.0,52.5,2025-12-01,0.2835079382222702
2025-10-04,East,Technology,Corporate,253.69,0.05,54.21,2025-10-01,0.21368599471796287
2025-09-23,South,Office Supplies,Home Office,68.8,0.2,-3.55,2025-09-01,-0.05159883720930233
2025-08-04,North,Furniture,Consumer,245.18,0.05,63.34,2025-08-01,0.2583408108328575
2025-01-14,North,Office Supplies,Home Office,322.99,0.0,95.02,2025-01-01,0.2941886745719682
2025-04-06,West,Technology,Corporate,150.14,0.0,27.74,2025-04-01,0.18476088983615294
2025-09-30,East,Office Supplies,Consumer,146.32,0.0,44.54,2025-09-01,0.3044013121924549
2025-02-08,East,Office Supplies,Consumer,48.9,0.05,6.77,2025-02-01,0.13844580777096113
2025-12-10,North,Furniture,Home Office,142.83,0.05,28.6,2025-12-01,0.20023804522859343
2025-05-05,South,Technology,Corporate,303.14,0.2,-19.8,2025-05-01,-0.0653163554793165
2025-11-25,North,Furniture,Consumer,193.72,0.1,33.51,2025-11-01,0.1729816229609746
2025-11-13,North,Furniture,Home Office,117.95,0.4,-33.0,2025-11-01,-0.2797795676133955
2025-07-26,North,Office Supplies,Corporate,558.96,0.4,-126.21,2025-07-01,-0.2257943323314727
2025-04-28,South,Technology,Consumer,230.97,0.1,20.02,2025-04-01,0.08667792353985367
2025-02-23,South,Office Supplies,Consumer,116.54,0.2,-7.62,2025-02-01,-0.06538527544190835
2025-06-26,South,Technology,Consumer,84.36,0.05,8.92,2025-06-01,0.10573731626363206
2025-12-06,South,Technology,Consumer,473.28,0.3,-19.95,2025-12-01,-0.0421526369168357
2025-10-25,West,Office Supplies,Consumer,151.0,0.1,14.9,2025-10-01,0.09867549668874172
2025-08-01,South,Office Supplies,Corporate,304.42,0.0,98.55,2025-08-01,0.3237303725116615
2025-11-08,West,Technology,Home Office,390.03,0.0,100.2,2025-11-01,0.25690331512960546
2025-12-29,South,Technology,Corporate,215.51,0.05,32.54,2025-12-01,0.15099067328662244
2025-04-19,South,Furniture,Home Office,258.32,0.2,27.25,2025-04-01,0.1054893155775782
2025-07-18,South,Office Supplies,Corporate,161.44,0.05,33.18,2025-07-01,0.2055252725470763
2025-12-29,East,Furniture,Consumer,147.24,0.2,12.15,2025-12-01,0.08251833740831295
2025-03-28,South,Office Supplies,Consumer,273.88,0.2,1.8,2025-03-01,0.006572221410836863
2025-06-25,East,Technology,Corporate,224.4,0.05,49.57,2025-06-01,0.22090017825311942
2025-10-23,North,Technology,Home Office,422.9,0.0,124.8,2025-10-01,0.2951052258217073
2025-02-23,North,Furniture,Corporate,155.09,0.0,44.0,2025-02-01,0.283706235089303
2025-09-19,West,Furniture,Consumer,99.78,0.05,21.16,2025-09-01,0.21206654640208458
2025-08-05,South,Office Supplies,Home Office,90.82,0.2,2.92,2025-08-01,0.03215150847830874
2025-11-11,West,Office Supplies,Home Office,417.38,0.0,108.5,2025-11-01,0.2599549571134218
2025-03-12,South,Furniture,Home Office,364.98,0.3,-47.81,2025-03-01,-0.13099347909474493
2025-05-14,West,Technology,Home Office,338.13,0.05,77.37,2025-05-01,0.22881731878271672
2025-12-05,West,Technology,Home Office,157.59,0.1,26.03,2025-12-01,0.16517545529538677
2025-09-22,West,Office Supplies,Corporate,264.0,0.1,52.42,2025-09-01,0.19856060606060608
2025-08-24,West,Office Supplies,Consumer,103.65,0.05,25.09,2025-08-01,0.2420646406174626
2025-06-23,East,Office Supplies,Corporate,434.82,0.0,109.18,2025-06-01,0.2510924060530795
2025-12-15,South,Office Supplies,Home Office,690.46,0.1,94.31,2025-12-01,0.1365900993540538
2025-04-22,North,Furniture,Consumer,91.65,0.1,19.85,2025-04-01,0.2165848336061102
2025-08-02,North,Office Supplies,Consumer,221.02,0.0,69.23,2025-08-01,0.3132295719844358
2025-03-04,South,Technology,Home Office,205.19,0.3,-15.52,2025-03-01,-0.07563721428919538
2025-10-22,South,Office Supplies,Home Office,127.12,0.3,-17.03,2025-10-01,-0.13396790434235367
2025-08-22,East,Office Supplies,Consumer,184.87,0.05,41.77,2025-08-01,0.22594255422729487
2025-12-21,East,Office Supplies,Consumer,90.14,0.1,12.03,2025-12-01,0.13345906367872198
2025-09-06,East,Office Supplies,Corporate,74.57,0.0,25.21,2025-09-01,0.33807161056725227
2025-09-09,North,Technology,Consumer,189.42,0.0,52.74,2025-09-01,0.2784288881849858
2025-03-22,West,Office Supplies,Consumer,103.72,0.05,14.23,2025-03-01,0.13719629772464328
2025-12-16,South,Office Supplies,Consumer,116.17,0.05,28.92,2025-12-01,0.2489455108892141
2025-09-30,East,Furniture,Consumer,157.83,0.0,38.7,2025-09-01,0.24520053221820948
2025-02-07,East,Furniture,Consumer,268.89,0.1,33.07,2025-02-01,0.12298709509464838
2025-02-28,North,Technology,Consumer,192.78,0.0,57.48,2025-02-01,0.2981637099284158
2025-12-28,North,Office Supplies,Corporate,353.92,0.0,116.79,2025-12-01,0.3299898282097649
2025-10-24,West,Furniture,Home Office,79.41,0.0,21.36,2025-10-01,0.26898375519455986
2025-07-20,North,Technology,Home Office,204.39,0.0,59.56,2025-07-01,0.29140368902588193
2025-03-14,North,Office Supplies,Consumer,234.04,0.1,39.39,2025-03-01,0.16830456332250898
2025-05-31,North,Furniture,Corporate,122.69,0.0,33.43,2025-05-01,0.27247534436384385
2025-04-13,North,Office Supplies,Corporate,217.4,0.1,24.2,2025-04-01,0.11131554737810487
2025-06-23,South,Technology,Home Office,143.47,0.3,-27.16,2025-06-01,-0.1893078692409563
2025-05-25,West,Office Supplies,Consumer,164.37,0.1,24.59,2025-05-01,0.14960150879114192
2025-01-18,West,Furniture,Consumer,91.71,0.0,30.32,2025-01-01,0.3306073492530804
2025-01-16,North,Office Supplies,Consumer,230.81,0.05,31.89,2025-01-01,0.13816559074563495
2025-05-27,South,Technology,Consumer,284.48,0.0,68.45,2025-05-01,0.2406144544431946
2025-06-15,North,Furniture,Consumer,403.56,0.0,93.1,2025-06-01,0.23069679849340866
2025-02-18,South,Office Supplies,Consumer,570.44,0.05,150.2,2025-02-01,0.2633055185470864
2025-05-11,West,Office Supplies,Corporate,166.19,0.3,-16.07,2025-05-01,-0.09669655213911788
2025-06-09,North,Technology,Corporate,331.15,0.1,47.61,2025-06-01,0.1437717046655594
2025-11-03,South,Technology,Corporate,264.91,0.1,56.86,2025-11-01,0.21463893397757727
2025-07-26,East,Technology,Home Office,252.88,0.0,60.5,2025-07-01,0.23924391015501423
2025-11-23,East,Technology,Corporate,138.93,0.0,46.6,2025-11-01,0.3354207154682214
2025-03-02,East,Office Supplies,Consumer,124.44,0.05,28.98,2025-03-01,0.23288331726133077
2025-07-10,West,Furniture,Home Office,95.7,0.05,23.28,2025-07-01,0.2432601880877743
2025-03-11,South,Office Supplies,Corporate,289.52,0.05,62.36,2025-03-01,0.21539099198673667
2025-02-04,North,Office Supplies,Consumer,119.91,0.0,31.5,2025-02-01,0.2626970227670753
2025-08-12,West,Office Supplies,Corporate,138.84,0.0,40.2,2025-08-01,0.2895419187554019
2025-11-11,West,Technology,Corporate,239.34,0.1,30.7,2025-11-01,0.1282694075373945
2025-01-05,West,Furniture,Home Office,50.08,0.0,14.9,2025-01-01,0.2975239616613419
2025-11-23,South,Furniture,Consumer,335.68,0.0,74.26,2025-11-01,0.22122259294566254
2025-01-19,South,Furniture,Consumer,69.07,0.0,23.06,2025-01-01,0.33386419574344867
2025-03-08,South,Office Supplies,Consumer,198.75,0.1,30.16,2025-03-01,0.151748427672956
2025-04-30,South,Technology,Consumer,158.8,0.1,24.78,2025-04-01,0.15604534005037782
2025-10-07,East,Technology,Consumer,325.24,0.0,123.4,2025-10-01,0.37941212642971345
2025-08-04,South,Technology,Consumer,129.64,0.05,33.69,2025-08-01,0.25987349583461894
2025-02-15,South,Technology,Consumer,109.68,0.0,31.86,2025-02-01,0.29048140043763676
2025-08-18,North,Office Supplies,Consumer,118.74,0.1,16.14,2025-08-01,0.13592723597776657
2025-09-02,South,Office Supplies,Consumer,293.97,0.05,57.9,2025-09-01,0.19695887335442389
2025-07-12,West,Furniture,Corporate,427.78,0.1,81.79,2025-07-01,0.19119640936930202
2025-09-20,East,Technology,Home Office,121.64,0.2,-3.66,2025-09-01,-0.030088786583360737
2025-10-23,East,Technology,Corporate,129.37,0.05,31.46,2025-10-01,0.24317848032774214
2025-01-30,South,Office Supplies,Consumer,254.41,0.1,44.94,2025-01-01,0.17664399984277346
2025-07-08,South,Office Supplies,Consumer,534.1,0.0,160.27,2025-07-01,0.30007489234225804
2025-01-19,North,Office Supplies,Corporate,173.29,0.0,43.86,2025-01-01,0.2531017369727047
2025-03-01,West,Technology,Consumer,230.02,0.05,42.53,2025-03-01,0.1848969654812625
2025-03-06,South,Furniture,Home Office,121.94,0.0,39.04,2025-03-01,0.3201574544858127
2025-11-12,North,Office Supplies,Home Office,118.62,0.3,-15.23,2025-11-01,-0.1283931883324903
2025-03-07,East,Office Supplies,Consumer,176.38,0.0,63.61,2025-03-01,0.3606417961220093
2025-09-24,West,Office Supplies,Corporate,67.15,0.0,18.94,2025-09-01,0.2820551005212211
2025-08-03,East,Office Supplies,Home Office,91.74,0.0,27.22,2025-08-01,0.29670808807499455
2025-11-19,North,Furniture,Corporate,316.33,0.0,85.52,2025-11-01,0.27035058325166755
2025-02-08,North,Technology,Corporate,182.21,0.2,2.71,2025-02-01,0.014872948795346029
2025-11-29,West,Technology,Consumer,147.7,0.1,10.47,2025-11-01,0.07088693297224104
2025-03-21,East,Technology,Consumer,100.65,0.05,25.34,2025-03-01,0.25176353700943865
2025-12-29,South,Furniture,Home Office,251.92,0.0,86.01,2025-12-01,0.3414179104477612
2025-11-18,South,Furniture,Consumer,244.6,0.2,-11.32,2025-11-01,-0.04627964022894522
2025-02-23,East,Technology,Consumer,176.06,0.0,50.79,2025-02-01,0.2884811995910485
2025-01-05,South,Furniture,Home Office,172.73,0.05,43.11,2025-01-01,0.24958026978521394
2025-08-23,West,Furniture,Corporate,234.98,0.05,23.97,2025-08-01,0.10200868158992255
2025-02-09,South,Office Supplies,Consumer,148.79,0.0,34.57,2025-02-01,0.23234088312386586
2025-09-15,North,Office Supplies,Consumer,353.4,0.2,-2.12,2025-09-01,-0.005998868138087154
2025-09-19,East,Furniture,Consumer,419.21,0.0,136.4,2025-09-01,0.32537391760692735
2025-07-15,West,Furniture,Consumer,102.54,0.0,31.29,2025-07-01,0.3051492100643651
2025-02-20,North,Furniture,Corporate,111.54,0.0,31.34,2025-02-01,0.28097543482158865
2025-11-12,North,Furniture,Home Office,127.29,0.2,-4.23,2025-11-01,-0.033231204336554326
2025-01-03,South,Office Supplies,Consumer,147.92,0.1,7.07,2025-01-01,0.047796106003245006
2025-04-02,North,Technology,Consumer,79.98,0.05,4.94,2025-04-01,0.06176544136034009
2025-04-26,East,Technology,Consumer,230.44,0.2,4.6,2025-04-01,0.01996181218538448
2025-01-15,East,Furniture,Consumer,50.54,0.0,12.81,2025-01-01,0.25346260387811637
2025-09-26,West,Office Supplies,Consumer,93.57,0.2,-1.26,2025-09-01,-0.013465854440525811
2025-11-21,North,Office Supplies,Consumer,164.04,0.2,2.06,2025-11-01,0.012557912704218485
2025-12-10,North,Office Supplies,Corporate,95.31,0.0,32.29,2025-12-01,0.33878921414332175
2025-01-14,East,Furniture,Consumer,475.14,0.0,126.86,2025-01-01,0.26699499095003576
2025-05-27,East,Technology,Corporate,118.84,0.1,18.79,2025-05-01,0.15811174688657018
2025-01-05,North,Office Supplies,Consumer,85.85,0.0,19.86,2025-01-01,0.23133372160745488
2025-05-31,North,Office Supplies,Home Office,205.18,0.05,38.88,2025-05-01,0.1894921532313091
2025-09-21,West,Office Supplies,Home Office,198.67,0.0,71.16,2025-09-01,0.3581819096995017
2025-08-23,North,Technology,Home Office,181.34,0.2,5.1,2025-08-01,0.028123966030660634
2025-09-16,West,Office Supplies,Corporate,145.76,0.0,39.56,2025-09-01,0.27140504939626786
2025-03-25,South,Technology,Consumer,76.13,0.05,14.77,2025-03-01,0.19401024563247077
2025-10-03,East,Technology,Consumer,139.49,0.2,-4.87,2025-10-01,-0.0349128969818625
2025-07-16,West,Office Supplies,Home Office,323.81,0.0,82.93,2025-07-01,0.2561069763132702
2025-12-30,North,Office Supplies,Consumer,133.43,0.2,7.39,2025-12-01,0.055384845986659666
2025-09-10,North,Furniture,Consumer,254.18,0.1,38.7,2025-09-01,0.15225430797072942
2025-03-31,East,Office Supplies,Consumer,182.92,0.3,-20.39,2025-03-01,-0.1114694948611415
2025-05-25,East,Office Supplies,Home Office,119.55,0.3,0.8,2025-05-01,0.006691760769552489
2025-05-10,South,Office Supplies,Consumer,109.26,0.2,-2.36,2025-05-01,-0.021599853560314842
2025-09-01,South,Furniture,Consumer,242.7,0.05,69.41,2025-09-01,0.28599093531108366
2025-01-03,South,Furniture,Corporate,156.62,0.05,28.99,2025-01-01,0.1850976886732218
2025-03-15,West,Office Supplies,Consumer,115.09,0.05,24.31,2025-03-01,0.21122599704579023
2025-04-12,East,Furniture,Consumer,449.53,0.0,93.91,2025-04-01,0.20890708072876116
2025-01-25,North,Technology,Consumer,186.7,0.1,17.43,2025-01-01,0.09335832886984467
2025-03-26,East,Technology,Consumer,234.88,0.1,30.46,2025-03-01,0.12968324250681199
2025-05-26,North,Office Supplies,Consumer,97.36,0.0,29.58,2025-05-01,0.30382087099424815
2025-10-05,East,Furniture,Consumer,408.17,0.1,105.23,2025-10-01,0.25780924614743855
2025-08-22,South,Office Supplies,Corporate,221.78,0.1,29.6,2025-08-01,0.13346559653710885
2025-02-14,West,Office Supplies,Consumer,253.79,0.0,77.27,2025-02-01,0.30446432089522835
2025-10-22,South,Office Supplies,Home Office,295.27,0.05,75.43,2025-10-01,0.25546110339689104
2025-10-16,North,Furniture,Corporate,43.86,0.4,-10.83,2025-10-01,-0.24692202462380303
2025-05-14,North,Furniture,Consumer,114.99,0.4,-24.4,2025-05-01,-0.21219236455343943
2025-10-03,North,Technology,Corporate,258.36,0.0,48.62,2025-10-01,0.18818702585539554
2025-09-08,South,Furniture,Consumer,168.86,0.1,16.86,2025-09-01,0.09984602629397132
2025-11-29,South,Office Supplies,Corporate,136.49,0.2,1.8,2025-11-01,0.013187779324492636
2025-01-22,North,Furniture,Corporate,241.16,0.0,74.01,2025-01-01,0.30689169016420637
2025-05-29,East,Office Supplies,Consumer,107.45,0.0,29.84,2025-05-01,0.27771056305258257
2025-11-07,South,Furniture,Corporate,165.59,0.0,33.19,2025-11-01,0.20043480886526963
2025-08-16,North,Office Supplies,Consumer,498.44,0.4,-116.05,2025-08-01,-0.2328264184254875
2025-05-07,North,Office Supplies,Consumer,209.71,0.05,39.79,2025-05-01,0.18973820990892185
2025-03-25,South,Furniture,Consumer,122.98,0.05,22.89,2025-03-01,0.18612782566270938
2025-07-03,South,Technology,Consumer,100.39,0.05,19.27,2025-07-01,0.1919513895806355
2025-09-08,South,Furniture,Home Office,202.69,0.05,28.22,2025-09-01,0.13922739158320588
2025-04-16,South,Office Supplies,Consumer,117.32,0.3,-15.05,2025-04-01,-0.12828162291169454
2025-04-14,North,Office Supplies,Corporate,58.07,0.1,8.09,2025-04-01,0.1393146202858619
2025-01-12,West,Office Supplies,Corporate,314.31,0.0,95.36,2025-01-01,0.30339473767936115
2025-10-30,East,Furniture,Consumer,219.92,0.2,-3.45,2025-10-01,-0.015687522735540197
2025-06-17,North,Office Supplies,Consumer,100.72,0.0,32.22,2025-06-01,0.3198967434471803
2025-12-15,West,Technology,Corporate,129.96,0.0,26.07,2025-12-01,0.20060018467220683
2025-10-18,North,Furniture,Consumer,196.88,0.0,55.2,2025-10-01,0.28037383177570097
2025-02-24,West,Office Supplies,Consumer,261.0,0.0,58.16,2025-02-01,0.22283524904214558
2025-04-12,North,Furniture,Consumer,315.27,0.0,70.47,2025-04-01,0.2235226948330003
2025-01-12,North,Furniture,Consumer,151.21,0.0,43.79,2025-01-01,0.2895972488592024
2025-07-10,North,Office Supplies,Consumer,251.58,0.3,-34.84,2025-07-01,-0.13848477621432548
2025-01-12,North,Office Supplies,Corporate,346.36,0.4,-91.04,2025-01-01,-0.26284790391500173
2025-06-10,East,Office Supplies,Corporate,149.06,0.05,46.57,2025-06-01,0.31242452703609286
2025-02-10,West,Office Supplies,Consumer,208.87,0.05,30.63,2025-02-01,0.14664623928759515
2025-12-24,West,Office Supplies,Corporate,146.4,0.0,51.65,2025-12-01,0.3528005464480874
2025-01-28,East,Office Supplies,Consumer,572.79,0.0,172.74,2025-01-01,0.3015764940030378
2025-10-14,East,Technology,Home Office,580.05,0.0,169.17,2025-10-01,0.2916472717869149
2025-08-09,North,Technology,Consumer,57.21,0.1,8.07,2025-08-01,0.14105925537493447
2025-04-24,East,Furniture,Consumer,99.18,0.1,13.32,2025-04-01,0.13430127041742287
2025-03-28,West,Office Supplies,Consumer,220.29,0.05,53.93,2025-03-01,0.24481365472785874
2025-07-22,North,Technology,Consumer,348.46,0.3,-18.65,2025-07-01,-0.05352120759915055
2025-01-18,West,Technology,Corporate,215.79,0.0,52.39,2025-01-01,0.2427823346772325
2025-03-11,South,Office Supplies,Consumer,96.27,0.05,9.59,2025-03-01,0.09961566427755272
2025-08-02,East,Technology,Corporate,334.75,0.0,106.55,2025-08-01,0.3182972367438387
2025-09-18,East,Office Supplies,Corporate,213.96,0.0,60.66,2025-09-01,0.28351093662366794
2025-05-14,West,Technology,Consumer,312.21,0.0,72.58,2025-05-01,0.2324717337689376
2025-06-27,North,Office Supplies,Corporate,94.03,0.1,14.03,2025-06-01,0.14920769967031797
2025-01-30,South,Furniture,Corporate,416.28,0.05,72.12,2025-01-01,0.17324877486307294
2025-06-19,East,Office Supplies,Consumer,82.16,0.0,20.39,2025-06-01,0.24817429406037003
2025-02-08,West,Technology,Home Office,134.81,0.3,-10.84,2025-02-01,-0.08040946517320673
2025-06-23,North,Office Supplies,Consumer,165.18,0.3,-25.44,2025-06-01,-0.15401380312386487
2025-01-11,West,Office Supplies,Consumer,388.43,0.0,117.17,2025-01-01,0.301650232989213
2025-11-25,West,Technology,Home Office,194.08,0.05,28.24,2025-11-01,0.14550700741962075
2025-07-28,South,Office Supplies,Consumer,302.78,0.0,101.36,2025-07-01,0.3347645154897946
2025-03-23,East,Office Supplies,Home Office,183.34,0.0,48.28,2025-03-01,0.26333587869532016
2025-09-03,West,Office Supplies,Consumer,33.55,0.1,3.71,2025-09-01,0.1105812220566319
2025-05-29,South,Office Supplies,Corporate,412.73,0.0,108.57,2025-05-01,0.26305332784144597
2025-10-22,South,Furniture,Home Office,84.03,0.2,-4.75,2025-10-01,-0.056527430679519215
2025-04-05,South,Office Supplies,Home Office,117.06,0.05,17.86,2025-04-01,0.15257133094139758
2025-09-13,North,Office Supplies,Home Office,130.9,0.05,32.24,2025-09-01,0.24629488158899923
2025-11-02,North,Technology,Home Office,180.82,0.1,34.89,2025-11-01,0.1929543192124765
2025-06-04,North,Technology,Consumer,130.65,0.1,21.52,2025-06-01,0.1647148871029468
2025-12-11,South,Technology,Consumer,40.31,0.0,10.61,2025-12-01,0.26321012155792606
2025-10-05,South,Technology,Corporate,29.22,0.2,-1.33,2025-10-01,-0.04551676933607119
2025-10-22,South,Furniture,Corporate,125.61,0.3,-23.04,2025-10-01,-0.18342488655361833
2025-11-05,South,Office Supplies,Home Office,296.5,0.05,63.39,2025-11-01,0.21379426644182126
2025-10-03,North,Office Supplies,Consumer,177.83,0.1,21.46,2025-10-01,0.1206770511162346
2025-03-19,West,Office Supplies,Corporate,238.72,0.0,69.73,2025-03-01,0.29209953083109924
2025-05-05,South,Office Supplies,Corporate,254.75,0.05,40.75,2025-05-01,0.15996074582924436
2025-01-06,West,Office Supplies,Consumer,130.19,0.0,27.48,2025-01-01,0.21107611951762809
2025-03-12,North,Furniture,Home Office,29.77,0.0,8.48,2025-03-01,0.28485052065838096
2025-06-05,North,Furniture,Corporate,212.42,0.0,59.12,2025-06-01,0.27831654269842765
2025-08-09,South,Technology,Consumer,193.46,0.0,66.99,2025-08-01,0.3462731313966711
2025-05-15,West,Technology,Corporate,129.99,0.1,30.01,2025-05-01,0.2308639126086622
2025-12-28,East,Office Supplies,Home Office,130.91,0.0,38.04,2025-12-01,0.2905813154075319
2025-12-20,South,Office Supplies,Consumer,189.96,0.05,35.34,2025-12-01,0.18603916614024005
2025-10-07,West,Furniture,Home Office,217.71,0.2,-16.25,2025-10-01,-0.07464057691424372
2025-12-01,West,Technology,Corporate,149.88,0.1,30.42,2025-12-01,0.20296236989591676
2025-12-08,East,Office Supplies,Consumer,91.72,0.0,25.16,2025-12-01,0.2743131269079808
2025-11-14,North,Office Supplies,Corporate,89.85,0.1,11.81,2025-11-01,0.13144129104062327
2025-03-21,South,Office Supplies,Home Office,53.71,0.1,12.71,2025-03-01,0.2366412213740458
2025-11-07,West,Office Supplies,Consumer,219.06,0.05,44.82,2025-11-01,0.20460147904683648
2025-04-29,North,Technology,Home Office,108.51,0.05,24.16,2025-04-01,0.22265229011151044
2025-11-09,West,Technology,Consumer,149.8,0.0,41.37,2025-11-01,0.2761682242990654
2025-03-06,South,Office Supplies,Corporate,173.55,0.0,52.84,2025-03-01,0.30446557188130224
2025-07-04,South,Office Supplies,Corporate,79.06,0.05,17.5,2025-07-01,0.22135087275486973
2025-09-13,West,Office Supplies,Corporate,175.52,0.0,44.81,2025-09-01,0.2552985414767548
2025-09-01,East,Office Supplies,Corporate,97.07,0.1,13.9,2025-09-01,0.14319563201813126
2025-05-11,West,Office Supplies,Corporate,146.29,0.0,50.55,2025-05-01,0.3455465171918791
2025-03-28,North,Furniture,Consumer,167.16,0.0,39.08,2025-03-01,0.23378798755683178
2025-07-25,North,Office Supplies,Consumer,157.95,0.1,23.89,2025-07-01,0.15125039569484017
2025-09-06,North,Furniture,Consumer,88.42,0.2,6.34,2025-09-01,0.07170323456231621
2025-05-14,West,Furniture,Corporate,80.39,0.4,-16.87,2025-05-01,-0.20985197163826347
2025-01-16,North,Technology,Consumer,287.53,0.0,89.47,2025-01-01,0.3111675303446597
2025-05-05,West,Office Supplies,Home Office,272.6,0.0,49.47,2025-05-01,0.18147468818782098
2025-07-23,South,Office Supplies,Consumer,506.22,0.0,132.22,2025-07-01,0.2611907866145154
2025-11-23,West,Furniture,Corporate,82.58,0.2,-0.2,2025-11-01,-0.0024218939210462584
2025-08-17,North,Technology,Home Office,71.33,0.0,16.4,2025-08-01,0.22991728585447915
2025-09-26,North,Furniture,Consumer,624.63,0.05,113.03,2025-09-01,0.1809551254342571
2025-10-05,South,Office Supplies,Home Office,101.64,0.0,23.96,2025-10-01,0.23573396300669028
2025-06-24,West,Office Supplies,Corporate,125.95,0.05,25.99,2025-06-01,0.20635172687574432
2025-07-18,South,Office Supplies,Consumer,198.84,0.1,30.12,2025-07-01,0.15147857573928789
2025-09-11,South,Furniture,Corporate,149.56,0.05,31.63,2025-09-01,0.21148702861727733
2025-01-15,West,Office Supplies,Home Office,192.94,0.05,41.79,2025-01-01,0.21659583290142012
2025-10-03,North,Office Supplies,Home Office,80.38,0.05,16.44,2025-10-01,0.2045284896740483
2025-07-27,West,Technology,Consumer,293.97,0.0,83.91,2025-07-01,0.28543728951933867
2025-08-24,North,Furniture,Consumer,106.82,0.1,12.4,2025-08-01,0.1160831304999064
2025-11-12,West,Office Supplies,Corporate,299.1,0.1,46.81,2025-11-01,0.15650284185891006
2025-06-11,North,Office Supplies,Home Office,207.15,0.0,37.02,2025-06-01,0.17871107892831284
2025-10-17,North,Office Supplies,Consumer,183.7,0.2,2.46,2025-10-01,0.013391399020141536
2025-01-12,South,Office Supplies,Corporate,77.36,0.1,17.77,2025-01-01,0.2297052740434333
2025-04-15,South,Technology,Corporate,74.99,0.0,11.45,2025-04-01,0.15268702493665823
2025-10-27,North,Technology,Corporate,106.18,0.05,25.46,2025-10-01,0.23978150310792992
2025-08-28,West,Office Supplies,Consumer,381.88,0.0,110.12,2025-08-01,0.2883628364931392
2025-08-10,South,Technology,Home Office,307.69,0.0,106.81,2025-08-01,0.34713510351327637
2025-04-21,North,Office Supplies,Consumer,306.83,0.05,74.59,2025-04-01,0.24309878434312163
2025-07-25,North,Technology,Consumer,282.47,0.05,67.71,2025-07-01,0.23970687152617973
2025-05-12,South,Office Supplies,Consumer,239.38,0.05,63.9,2025-05-01,0.26693959395104017
2025-07-06,West,Technology,Consumer,63.02,0.0,19.13,2025-07-01,0.303554427165979
2025-10-30,South,Office Supplies,Home Office,78.56,0.05,15.75,2025-10-01,0.2004837067209776
2025-05-17,South,Furniture,Consumer,114.99,0.05,23.49,2025-05-01,0.20427863292460213
2025-09-23,East,Office Supplies,Consumer,453.5,0.0,88.86,2025-09-01,0.19594266813671443
2025-07-11,South,Technology,Home Office,238.83,0.4,-76.95,2025-07-01,-0.3221957040572792
2025-07-07,East,Technology,Home Office,125.62,0.05,34.49,2025-07-01,0.27455819137080084
2025-12-02,South,Office Supplies,Corporate,208.84,0.05,58.7,2025-12-01,0.28107642214135226
2025-06-11,North,Furniture,Corporate,131.54,0.05,30.99,2025-06-01,0.23559373574578074
2025-11-15,North,Office Supplies,Consumer,33.45,0.1,4.56,2025-11-01,0.13632286995515694
2025-10-09,West,Office Supplies,Consumer,43.82,0.2,0.36,2025-10-01,0.008215426745778184
2025-08-17,West,Furniture,Consumer,651.56,0.05,108.01,2025-08-01,0.16577137945853032
2025-02-13,East,Furniture,Consumer,89.26,0.1,6.63,2025-02-01,0.07427739188886398
2025-10-30,East,Office Supplies,Consumer,171.24,0.05,28.06,2025-10-01,0.16386358327493575
2025-08-11,North,Office Supplies,Consumer,587.54,0.0,172.1,2025-08-01,0.29291622698029074
2025-11-21,West,Technology,Consumer,91.46,0.1,16.62,2025-11-01,0.1817187841679423
2025-04-19,West,Furniture,Consumer,425.28,0.0,87.69,2025-04-01,0.20619356659142213
2025-03-11,North,Office Supplies,Home Office,142.13,0.3,-20.02,2025-03-01,-0.14085696193625555
2025-02-11,East,Furniture,Corporate,224.52,0.05,33.98,2025-02-01,0.15134509175129163
2025-05-23,North,Furniture,Corporate,254.83,0.0,70.52,2025-05-01,0.2767335086135855
2025-05-04,West,Furniture,Consumer,439.6,0.1,58.61,2025-05-01,0.13332575068243857
2025-01-24,West,Office Supplies,Home Office,78.46,0.05,18.21,2025-01-01,0.23209278613306147
2025-03-22,South,Furniture,Corporate,433.31,0.0,71.4,2025-03-01,0.1647781034363389
2025-06-20,East,Furniture,Consumer,89.74,0.1,22.12,2025-06-01,0.2464898595943838
2025-12-07,South,Office Supplies,Corporate,198.38,0.05,56.78,2025-12-01,0.28621836878717616
2025-08-05,West,Furniture,Consumer,336.02,0.0,102.04,2025-08-01,0.30367240045235405
2025-08-21,West,Technology,Consumer,38.87,0.0,11.97,2025-08-01,0.307949575508104
2025-08-06,East,Furniture,Consumer,186.53,0.2,-16.11,2025-08-01,-0.08636680426741006
2025-08-29,North,Technology,Consumer,117.9,0.1,17.23,2025-08-01,0.14614079728583546
2025-01-11,West,Office Supplies,Consumer,258.08,0.0,83.81,2025-01-01,0.3247442653440794
2025-12-01,North,Furniture,Consumer,64.43,0.0,14.23,2025-12-01,0.2208598478969424
2025-04-08,East,Technology,Consumer,56.9,0.1,12.4,2025-04-01,0.2179261862917399
2025-09-08,North,Technology,Home Office,104.44,0.3,-18.59,2025-09-01,-0.1779969360398315
2025-11-18,North,Technology,Corporate,254.31,0.0,68.45,2025-11-01,0.26915968699618575
2025-01-09,West,Office Supplies,Corporate,86.98,0.0,28.55,2025-01-01,0.3282363761784318
2025-01-15,East,Office Supplies,Home Office,527.95,0.1,61.49,2025-01-01,0.11646936262903683
2025-07-10,East,Office Supplies,Corporate,147.11,0.1,35.21,2025-07-01,0.23934470804160152
2025-01-28,East,Furniture,Consumer,98.06,0.1,12.92,2025-01-01,0.1317560677136447
2025-01-15,West,Office Supplies,Corporate,241.88,0.05,20.91,2025-01-01,0.08644782536795105
2025-10-05,West,Technology,Consumer,267.83,0.0,98.38,2025-10-01,0.3673225553522757
2025-07-24,East,Technology,Corporate,194.85,0.05,38.04,2025-07-01,0.19522709776751349
2025-04-06,North,Furniture,Corporate,43.83,0.0,13.46,2025-04-01,0.30709559662331737
2025-06-21,South,Office Supplies,Consumer,57.68,0.1,8.96,2025-06-01,0.15533980582524273
2025-12-17,West,Furniture,Corporate,272.47,0.05,51.2,2025-12-01,0.18791059566190774
2025-10-24,South,Technology,Corporate,166.99,0.05,34.65,2025-10-01,0.2074974549374214
2025-07-16,South,Furniture,Consumer,574.91,0.1,72.18,2025-07-01,0.12555008610043314
2025-06-23,East,Office Supplies,Corporate,314.2,0.0,111.24,2025-06-01,0.3540420114576703
2025-11-03,North,Furniture,Consumer,152.1,0.0,43.08,2025-11-01,0.2832347140039448
2025-06-30,North,Office Supplies,Consumer,686.49,0.0,197.81,2025-06-01,0.28814695042899385
2025-01-10,North,Furniture,Consumer,216.77,0.1,36.48,2025-01-01,0.1682889698759053
2025-03-12,North,Office Supplies,Consumer,130.07,0.0,42.63,2025-03-01,0.32774659798570005
2025-04-17,South,Office Supplies,Home Office,291.95,0.0,72.26,2025-04-01,0.24750813495461554
2025-12-13,East,Technology,Home Office,105.02,0.05,21.86,2025-12-01,0.2081508284136355
2025-08-14,East,Technology,Corporate,91.12,0.0,28.09,2025-08-01,0.30827480245829675
2025-02-27,South,Office Supplies,Home Office,177.61,0.0,47.25,2025-02-01,0.26603231800011257
2025-11-13,North,Furniture,Consumer,291.74,0.1,35.07,2025-11-01,0.12020977582779187
2025-03-06,North,Technology,Corporate,136.92,0.3,-11.23,2025-03-01,-0.08201869704937191
2025-12-09,North,Technology,Home Office,310.63,0.05,64.38,2025-12-01,0.2072562212278273
2025-04-04,East,Office Supplies,Home Office,273.04,0.0,88.25,2025-04-01,0.3232127160855552
2025-05-12,West,Office Supplies,Corporate,383.93,0.1,53.85,2025-05-01,0.14025994321881594
2025-11-05,North,Office Supplies,Consumer,353.52,0.2,-18.28,2025-11-01,-0.05170853134193257
2025-01-10,East,Office Supplies,Consumer,261.73,0.2,3.27,2025-01-01,0.01249379131165705
2025-12-16,South,Office Supplies,Consumer,186.14,0.0,62.15,2025-12-01,0.33388847104330077
2025-11-13,West,Furniture,Consumer,253.99,0.0,75.45,2025-11-01,0.29705893932832
2025-06-20,North,Technology,Home Office,157.1,0.0,50.08,2025-06-01,0.3187778485041375
2025-01-02,South,Office Supplies,Consumer,167.53,0.1,30.63,2025-01-01,0.18283292544618873
2025-06-16,West,Technology,Corporate,206.79,0.1,31.02,2025-06-01,0.15000725373567386
2025-07-13,East,Technology,Home Office,242.54,0.05,47.03,2025-07-01,0.19390615980869136
2025-01-11,West,Technology,Corporate,382.12,0.05,74.61,2025-01-01,0.19525280016748664
2025-08-03,East,Technology,Home Office,52.71,0.2,1.27,2025-08-01,0.024094099791310948
2025-03-05,North,Technology,Corporate,283.87,0.0,100.1,2025-03-01,0.35262620213477996
2025-04-09,East,Technology,Consumer,65.38,0.05,15.93,2025-04-01,0.24365249311716122
2025-01-12,East,Technology,Consumer,93.37,0.3,-16.29,2025-01-01,-0.17446717361036734
2025-04-07,North,Office Supplies,Consumer,45.46,0.05,8.88,2025-04-01,0.19533655961284646
2025-04-24,North,Office Supplies,Consumer,252.28,0.0,39.11,2025-04-01,0.1550261614079594
2025-08-20,West,Office Supplies,Corporate,246.57,0.0,67.55,2025-08-01,0.2739587135499047
2025-10-14,East,Furniture,Consumer,83.76,0.1,10.97,2025-10-01,0.1309694364851958
2025-12-12,North,Office Supplies,Home Office,215.29,0.4,-52.8,2025-12-01,-0.24525059222444145
2025-07-10,South,Office Supplies,Consumer,298.9,0.0,75.2,2025-07-01,0.25158916025426564
2025-03-04,North,Office Supplies,Consumer,118.21,0.4,-35.81,2025-03-01,-0.30293545385331194
2025-10-26,North,Technology,Home Office,35.1,0.0,9.66,2025-10-01,0.2752136752136752
2025-05-19,West,Technology,Home Office,139.79,0.1,24.98,2025-05-01,0.1786966163531011
2025-03-28,North,Technology,Consumer,374.57,0.05,98.11,2025-03-01,0.2619270096377179
2025-12-25,East,Office Supplies,Corporate,183.19,0.1,18.62,2025-12-01,0.10164310278945358
2025-08-11,East,Furniture,Corporate,348.84,0.2,7.18,2025-08-01,0.020582502006650613
2025-04-18,East,Furniture,Corporate,484.06,0.1,88.54,2025-04-01,0.1829112093542123
2025-03-20,West,Technology,Consumer,256.52,0.1,36.86,2025-03-01,0.14369249961016686
2025-12-26,North,Technology,Consumer,39.76,0.0,10.29,2025-12-01,0.25880281690140844
2025-07-19,South,Technology,Consumer,221.28,0.05,49.24,2025-07-01,0.2225234996384671
2025-11-28,North,Technology,Corporate,137.22,0.0,42.24,2025-11-01,0.30782684739833843
2025-08-30,South,Office Supplies,Corporate,210.1,0.0,55.38,2025-08-01,0.26358876725368874
2025-11-24,West,Furniture,Corporate,436.8,0.0,134.06,2025-11-01,0.30691391941391943
2025-08-28,North,Furniture,Consumer,189.49,0.0,46.72,2025-08-01,0.24655654651960524
2025-06-01,North,Furniture,Corporate,70.35,0.3,-11.45,2025-06-01,-0.16275764036958068
2025-08-20,West,Technology,Corporate,43.92,0.05,12.4,2025-08-01,0.28233151183970856
2025-04-04,North,Office Supplies,Consumer,229.57,0.05,48.69,2025-04-01,0.21209217232216754
2025-07-06,East,Office Supplies,Consumer,34.21,0.3,-4.78,2025-07-01,-0.1397252265419468
2025-02-18,North,Office Supplies,Consumer,148.57,0.1,40.62,2025-02-01,0.27340647506226023
2025-03-18,South,Office Supplies,Consumer,259.01,0.1,37.08,2025-03-01,0.14316049573375544
2025-02-28,North,Furniture,Consumer,96.19,0.2,-3.26,2025-02-01,-0.033891256887410334
2025-08-01,East,Office Supplies,Consumer,595.1,0.05,131.59,2025-08-01,0.22112250042009746
2025-10-24,East,Technology,Consumer,347.95,0.3,-62.67,2025-10-01,-0.18011208506969392
2025-03-05,North,Office Supplies,Consumer,144.0,0.1,17.26,2025-03-01,0.11986111111111113
2025-04-28,North,Office Supplies,Corporate,99.5,0.0,22.71,2025-04-01,0.22824120603015077
2025-06-24,East,Office Supplies,Consumer,113.88,0.05,23.94,2025-06-01,0.21022128556375133
2025-05-07,West,Office Supplies,Consumer,173.9,0.1,16.66,2025-05-01,0.09580218516388729
2025-05-31,West,Office Supplies,Consumer,143.5,0.2,5.84,2025-05-01,0.040696864111498254
2025-09-20,West,Furniture,Corporate,179.98,0.05,50.96,2025-09-01,0.28314257139682186
2025-09-24,South,Technology,Consumer,157.45,0.2,1.51,2025-09-01,0.009590346141632265
2025-04-19,East,Office Supplies,Consumer,182.96,0.05,35.77,2025-04-01,0.1955072146917359
2025-09-08,East,Technology,Consumer,112.15,0.1,20.03,2025-09-01,0.17860008916629513
2025-06-01,North,Furniture,Corporate,395.81,0.1,23.0,2025-06-01,0.05810868851216493
2025-01-17,East,Office Supplies,Consumer,189.99,0.05,45.27,2025-01-01,0.2382756987209853
2025-12-18,East,Office Supplies,Home Office,159.01,0.0,38.71,2025-12-01,0.24344380856549905
2025-01-16,North,Office Supplies,Corporate,191.12,0.2,8.37,2025-01-01,0.04379447467559648
2025-12-17,West,Office Supplies,Consumer,195.84,0.1,18.69,2025-12-01,0.09543504901960785
2025-02-12,South,Technology,Corporate,553.82,0.1,68.1,2025-02-01,0.1229641399732765
2025-03-07,North,Office Supplies,Corporate,222.26,0.05,58.8,2025-03-01,0.26455502564564026
2025-01-22,East,Furniture,Consumer,99.77,0.0,22.93,2025-01-01,0.22982860579332465
2025-06-04,South,Office Supplies,Corporate,341.89,0.3,-45.42,2025-06-01,-0.1328497469946474
2025-12-29,East,Technology,Home Office,184.85,0.1,29.42,2025-12-01,0.1591560724912091
2025-07-27,East,Office Supplies,Consumer,242.35,0.0,43.3,2025-07-01,0.17866721683515577
2025-01-30,North,Technology,Consumer,63.55,0.0,18.79,2025-01-01,0.2956726986624705
2025-08-09,North,Technology,Home Office,168.26,0.0,47.23,2025-08-01,0.28069654106739567
2025-04-21,South,Office Supplies,Consumer,197.64,0.4,-43.6,2025-04-01,-0.2206031167779802
2025-04-09,East,Furniture,Corporate,99.08,0.2,4.91,2025-04-01,0.04955591441259589
2025-07-21,South,Office Supplies,Home Office,97.21,0.05,20.77,2025-07-01,0.21366114597263658
2025-06-20,North,Furniture,Home Office,489.17,0.05,136.98,2025-06-01,0.28002534906065374
2025-09-04,North,Furniture,Consumer,420.42,0.3,-45.15,2025-09-01,-0.10739260739260739
2025-04-22,North,Furniture,Corporate,415.17,0.2,11.55,2025-04-01,0.0278199291856348
2025-10-11,West,Furniture,Corporate,349.58,0.05,68.93,2025-10-01,0.197179472509869
2025-09-06,South,Office Supplies,Home Office,174.68,0.3,-24.89,2025-09-01,-0.14248912296771238
2025-03-18,East,Furniture,Consumer,26.12,0.0,8.78,2025-03-01,0.3361408882082695
2025-12-08,West,Technology,Home Office,127.14,0.3,-18.57,2025-12-01,-0.14605946201038225
2025-03-10,West,Office Supplies,Home Office,244.97,0.1,25.76,2025-03-01,0.10515573335510471
2025-11-05,North,Furniture,Consumer,276.96,0.0,84.21,2025-11-01,0.3040511265164645
2025-06-01,South,Furniture,Corporate,46.33,0.2,5.37,2025-06-01,0.11590761925318369
2025-12-15,West,Technology,Corporate,65.9,0.3,-12.68,2025-12-01,-0.19241274658573596
2025-10-09,North,Technology,Consumer,368.99,0.1,69.07,2025-10-01,0.18718664462451554
2025-10-02,South,Office Supplies,Consumer,29.62,0.1,3.64,2025-10-01,0.12288993923024984
2025-09-30,East,Technology,Consumer,153.65,0.05,29.3,2025-09-01,0.19069313374552554
2025-11-15,North,Technology,Home Office,267.48,0.0,71.98,2025-11-01,0.26910423209211903
2025-03-21,West,Office Supplies,Consumer,509.94,0.0,158.51,2025-03-01,0.31084049103816136
2025-12-08,North,Technology,Corporate,38.23,0.4,-10.54,2025-12-01,-0.27569971226785245
2025-03-07,North,Furniture,Consumer,128.74,0.3,-18.48,2025-03-01,-0.1435451297188131
2025-06-25,South,Office Supplies,Consumer,201.61,0.1,32.11,2025-06-01,0.1592678934576658
2025-03-30,South,Furniture,Consumer,278.9,0.0,75.84,2025-03-01,0.27192542129795627
2025-11-16,West,Office Supplies,Corporate,328.36,0.0,93.67,2025-11-01,0.2852661712754294
2025-12-26,North,Furniture,Consumer,214.84,0.05,55.45,2025-12-01,0.25809905045615344
2025-09-28,South,Technology,Corporate,256.64,0.1,25.74,2025-09-01,0.10029613466334164
2025-11-16,South,Technology,Home Office,315.76,0.3,-45.29,2025-11-01,-0.1434317202938941
2025-09-28,North,Furniture,Corporate,149.83,0.0,36.16,2025-09-01,0.24134018554361605
2025-07-01,North,Technology,Consumer,50.62,0.05,9.93,2025-07-01,0.19616752271829316
2025-04-14,West,Technology,Consumer,470.16,0.0,132.42,2025-04-01,0.2816488004083716
2025-07-16,North,Office Supplies,Home Office,236.46,0.05,50.96,2025-07-01,0.21551213735938424
2025-05-16,West,Furniture,Consumer,93.47,0.0,21.69,2025-05-01,0.23205306515459506
2025-12-28,North,Furniture,Consumer,189.89,0.0,60.01,2025-12-01,0.3160250671441361
2025-08-29,South,Furniture,Corporate,115.86,0.0,28.77,2025-08-01,0.2483169342309684
2025-03-03,South,Furniture,Consumer,107.91,0.05,23.96,2025-03-01,0.2220368825873413
2025-08-27,West,Office Supplies,Consumer,64.05,0.0,22.31,2025-08-01,0.3483216237314598
2025-09-16,West,Technology,Home Office,150.1,0.0,50.81,2025-09-01,0.3385076615589607
2025-05-24,North,Office Supplies,Home Office,407.11,0.0,126.54,2025-05-01,0.3108250841295964
2025-12-03,North,Technology,Home Office,335.28,0.4,-79.51,2025-12-01,-0.23714507277499408
2025-02-17,North,Office Supplies,Corporate,52.9,0.05,16.0,2025-02-01,0.30245746691871456
2025-03-17,East,Office Supplies,Consumer,52.14,0.4,-15.71,2025-03-01,-0.30130418105101653
2025-09-22,South,Technology,Consumer,60.91,0.0,16.46,2025-09-01,0.27023477261533413
2025-09-29,North,Office Supplies,Consumer,36.85,0.05,8.47,2025-09-01,0.22985074626865673
2025-04-04,East,Office Supplies,Corporate,305.83,0.1,53.06,2025-04-01,0.17349507896543834
2025-01-18,West,Technology,Consumer,461.41,0.1,54.21,2025-01-01,0.11748770074337357
2025-10-07,West,Furniture,Consumer,247.85,0.1,27.07,2025-10-01,0.10921928585838209
2025-06-24,South,Technology,Corporate,200.81,0.05,43.53,2025-06-01,0.2167720731039291
2025-02-25,South,Office Supplies,Corporate,185.17,0.4,-55.29,2025-02-01,-0.2985904844197224
2025-06-03,South,Technology,Consumer,109.4,0.05,20.92,2025-06-01,0.19122486288848264
2025-07-12,North,Office Supplies,Consumer,136.36,0.1,17.48,2025-07-01,0.12819008506893517
2025-12-10,West,Office Supplies,Corporate,208.96,0.2,7.83,2025-12-01,0.03747128637059724
2025-06-10,East,Office Supplies,Home Office,187.57,0.0,67.44,2025-06-01,0.359545769579357
2025-08-26,East,Technology,Consumer,196.57,0.05,47.93,2025-08-01,0.24383171389326957
2025-10-15,South,Office Supplies,Home Office,177.64,0.0,54.03,2025-10-01,0.3041544697140284
2025-03-16,South,Technology,Corporate,84.13,0.0,26.85,2025-03-01,0.3191489361702128
2025-05-21,South,Technology,Consumer,109.84,0.4,-23.65,2025-05-01,-0.21531318281136197
2025-01-17,West,Furniture,Consumer,422.45,0.0,98.22,2025-01-01,0.23250088767901528
2025-05-03,North,Technology,Consumer,124.97,0.2,2.04,2025-05-01,0.01632391774025766
2025-02-20,North,Office Supplies,Home Office,210.69,0.05,32.62,2025-02-01,0.15482462385495277
2025-06-14,East,Office Supplies,Consumer,152.18,0.3,-7.45,2025-06-01,-0.048955184649756865
2025-03-19,East,Technology,Consumer,114.0,0.05,29.85,2025-03-01,0.26184210526315793
2025-01-08,North,Technology,Corporate,80.98,0.05,15.48,2025-01-01,0.19115831069399852
2025-03-26,East,Office Supplies,Consumer,558.36,0.1,68.13,2025-03-01,0.12201805286911668
2025-08-02,North,Technology,Home Office,180.65,0.0,60.42,2025-08-01,0.3344588984223637
2025-04-19,North,Office Supplies,Consumer,20.63,0.2,0.98,2025-04-01,0.04750363548230732
2025-11-30,South,Furniture,Consumer,194.98,0.3,-24.27,2025-11-01,-0.12447430505692891
2025-05-02,West,Technology,Home Office,974.96,0.0,263.27,2025-05-01,0.27003159103963237
2025-07-20,North,Technology,Corporate,183.66,0.05,33.83,2025-07-01,0.18419906348687792
2025-08-11,South,Office Supplies,Consumer,106.54,0.0,29.03,2025-08-01,0.2724798197859959
2025-10-18,South,Office Supplies,Consumer,270.83,0.0,84.62,2025-10-01,0.3124469224236606
2025-09-18,West,Furniture,Consumer,133.4,0.0,38.29,2025-09-01,0.28703148425787106
2025-02-07,East,Office Supplies,Consumer,138.3,0.1,15.45,2025-02-01,0.11171366594360085
2025-06-20,East,Technology,Home Office,203.39,0.05,44.94,2025-06-01,0.22095481587098678
2025-10-15,East,Furniture,Corporate,573.33,0.1,112.49,2025-10-01,0.19620462909668077
2025-11-19,West,Office Supplies,Corporate,39.86,0.1,4.82,2025-11-01,0.12092323130958355
2025-09-27,West,Office Supplies,Consumer,155.68,0.0,56.76,2025-09-01,0.3645940390544707
2025-02-26,East,Furniture,Home Office,125.75,0.0,35.55,2025-02-01,0.28270377733598406
2025-03-27,West,Technology,Consumer,85.85,0.2,-4.13,2025-03-01,-0.04810716365754222
2025-11-19,South,Office Supplies,Consumer,431.28,0.2,30.0,2025-11-01,0.06956037840845855
2025-05-25,West,Furniture,Home Office,302.91,0.05,60.02,2025-05-01,0.19814466343138226
2025-11-16,South,Office Supplies,Corporate,144.34,0.05,37.57,2025-11-01,0.2602882083968408
2025-06-21,East,Office Supplies,Home Office,182.56,0.1,28.07,2025-06-01,0.15375766871165644
2025-07-24,North,Furniture,Consumer,56.27,0.0,15.73,2025-07-01,0.27954505064865826
2025-11-06,North,Furniture,Corporate,435.74,0.1,47.04,2025-11-01,0.1079542846651673
2025-05-10,South,Furniture,Corporate,272.36,0.0,88.25,2025-05-01,0.32401967983551183
2025-04-12,North,Furniture,Corporate,110.04,0.1,33.8,2025-04-01,0.307161032351872
2025-08-23,East,Office Supplies,Consumer,417.95,0.4,-108.3,2025-08-01,-0.25912190453403516
2025-08-15,West,Office Supplies,Consumer,311.79,0.0,84.36,2025-08-01,0.2705667276051188
2025-01-17,East,Technology,Consumer,184.6,0.0,54.14,2025-01-01,0.2932827735644637
2025-10-28,East,Furniture,Corporate,67.37,0.3,-6.71,2025-10-01,-0.09959922814309038
2025-06-14,South,Technology,Consumer,438.86,0.05,95.7,2025-06-01,0.21806498655607712
2025-04-23,North,Technology,Consumer,390.13,0.0,105.63,2025-04-01,0.2707559018788609
2025-08-05,South,Technology,Corporate,82.75,0.4,-22.98,2025-08-01,-0.27770392749244716
2025-04-02,North,Office Supplies,Corporate,321.36,0.0,122.05,2025-04-01,0.37979213343291013
2025-03-24,West,Furniture,Consumer,113.78,0.05,17.16,2025-03-01,0.15081736684830374
2025-12-13,North,Technology,Home Office,107.05,0.0,33.12,2025-12-01,0.3093881363848669
2025-09-25,West,Furniture,Consumer,142.24,0.0,38.43,2025-09-01,0.2701771653543307
2025-04-13,East,Office Supplies,Corporate,286.1,0.0,68.34,2025-04-01,0.2388675288360713
2025-01-07,East,Office Supplies,Corporate,403.11,0.2,19.75,2025-01-01,0.04899407109721912
2025-09-13,South,Technology,Consumer,183.01,0.05,51.18,2025-09-01,0.2796568493524944
2025-01-30,East,Technology,Consumer,245.43,0.0,77.74,2025-01-01,0.31675019353787226
2025-09-25,South,Furniture,Consumer,50.31,0.1,11.04,2025-09-01,0.21943947525342872
2025-02-18,North,Furniture,Consumer,140.29,0.1,29.36,2025-02-01,0.2092807755363889
2025-09-07,North,Furniture,Consumer,97.01,0.3,-10.25,2025-09-01,-0.10565921039068137
2025-11-06,East,Office Supplies,Home Office,103.39,0.1,21.83,2025-11-01,0.21114227681593964
2025-08-23,South,Technology,Corporate,39.17,0.0,10.3,2025-08-01,0.26295634414092417
2025-06-15,East,Office Supplies,Corporate,326.27,0.1,81.6,2025-06-01,0.2500996107518313
2025-11-30,North,Technology,Home Office,272.17,0.1,32.12,2025-11-01,0.11801447624646359
2025-04-28,South,Furniture,Corporate,153.46,0.05,18.54,2025-04-01,0.12081324123550109
2025-10-31,South,Office Supplies,Corporate,148.94,0.0,42.81,2025-10-01,0.28743118034107695
2025-07-17,West,Office Supplies,Home Office,71.59,0.05,17.65,2025-07-01,0.2465428132420729
2025-11-10,North,Technology,Consumer,290.98,0.1,31.37,2025-11-01,0.10780809677641075
2025-10-26,West,Technology,Home Office,29.47,0.2,-0.55,2025-10-01,-0.018663047166610113
2025-09-07,West,Office Supplies,Consumer,83.38,0.05,13.45,2025-09-01,0.16130966658671145
2025-03-26,North,Furniture,Home Office,435.13,0.05,66.2,2025-03-01,0.15213844138533314
2025-06-26,North,Furniture,Consumer,72.12,0.05,17.0,2025-06-01,0.23571824736550193
2025-09-02,South,Office Supplies,Consumer,238.33,0.0,72.0,2025-09-01,0.30210212730247976
2025-07-22,East,Furniture,Consumer,72.06,0.1,11.97,2025-07-01,0.16611157368859283
2025-10-02,East,Furniture,Consumer,82.65,0.3,-10.19,2025-10-01,-0.1232909860859044
2025-10-26,South,Furniture,Corporate,332.65,0.0,70.63,2025-10-01,0.21232526679693373
2025-12-02,East,Technology,Corporate,203.94,0.0,58.09,2025-12-01,0.2848386780425616
2025-11-08,North,Furniture,Home Office,181.34,0.05,23.98,2025-11-01,0.13223778537553765
2025-11-18,North,Technology,Consumer,161.98,0.0,52.57,2025-11-01,0.32454624027657736
2025-04-17,North,Technology,Consumer,399.84,0.05,96.27,2025-04-01,0.24077130852340936
2025-10-22,South,Technology,Consumer,93.58,0.05,20.08,2025-10-01,0.21457576405214787
2025-10-13,North,Office Supplies,Consumer,327.0,0.05,68.53,2025-10-01,0.20957186544342507
2025-04-29,North,Office Supplies,Home Office,466.6,0.05,130.4,2025-04-01,0.27946849549935704
2025-10-22,West,Office Supplies,Consumer,189.84,0.05,29.25,2025-10-01,0.1540771175726928
2025-12-06,East,Technology,Home Office,212.47,0.0,58.33,2025-12-01,0.27453287522944414
2025-02-04,North,Office Supplies,Corporate,123.94,0.4,-40.14,2025-02-01,-0.32386638696143294
2025-11-26,West,Office Supplies,Consumer,111.44,0.0,25.21,2025-11-01,0.22622038765254848
2025-10-09,South,Furniture,Consumer,160.22,0.2,-1.92,2025-10-01,-0.011983522656347521
2025-09-26,East,Office Supplies,Consumer,151.35,0.05,33.42,2025-09-01,0.22081268582755206
2025-09-29,North,Technology,Consumer,312.53,0.0,108.2,2025-09-01,0.34620676415064155
2025-12-13,South,Office Supplies,Consumer,320.8,0.0,70.81,2025-12-01,0.22072942643391522
2025-04-11,North,Technology,Home Office,270.02,0.0,63.26,2025-04-01,0.23427894230057034
2025-10-05,East,Technology,Corporate,149.55,0.05,27.88,2025-10-01,0.18642594450016714
2025-06-15,South,Office Supplies,Corporate,289.99,0.0,75.33,2025-06-01,0.25976757819235147
2025-10-22,West,Office Supplies,Home Office,238.92,0.0,58.05,2025-10-01,0.2429683576092416
2025-05-26,West,Furniture,Corporate,54.05,0.05,12.92,2025-05-01,0.23903792784458835
2025-04-24,South,Technology,Corporate,116.82,0.0,35.65,2025-04-01,0.3051703475432289
2025-07-17,West,Technology,Consumer,271.31,0.1,42.36,2025-07-01,0.15613136264789354
2025-09-26,North,Technology,Consumer,784.66,0.0,217.02,2025-09-01,0.27657839064053225
2025-07-25,North,Technology,Corporate,229.33,0.2,-8.06,2025-07-01,-0.035145859678192996
2025-11-17,East,Office Supplies,Corporate,204.31,0.05,54.26,2025-11-01,0.2655768195389359
2025-02-07,North,Furniture,Corporate,86.22,0.05,15.45,2025-02-01,0.1791927627000696
2025-11-18,South,Office Supplies,Consumer,232.29,0.1,28.32,2025-11-01,0.12191656980498515
2025-02-13,North,Office Supplies,Consumer,101.7,0.05,14.85,2025-02-01,0.14601769911504425
2025-11-25,South,Office Supplies,Home Office,156.74,0.0,42.65,2025-11-01,0.2721066734719918
2025-08-20,North,Office Supplies,Corporate,322.72,0.05,59.39,2025-08-01,0.18402949925632126
2025-12-16,East,Furniture,Consumer,105.95,0.05,28.75,2025-12-01,0.27135441245870695
2025-05-08,East,Technology,Consumer,373.87,0.05,57.54,2025-05-01,0.15390376334019845
2025-08-28,West,Furniture,Consumer,86.12,0.0,17.71,2025-08-01,0.20564328843474222
2025-08-24,East,Technology,Consumer,214.57,0.0,67.4,2025-08-01,0.31411660530363056
2025-11-21,East,Office Supplies,Consumer,151.32,0.0,37.28,2025-11-01,0.246365318530267
2025-01-06,West,Technology,Consumer,230.45,0.1,17.45,2025-01-01,0.07572141462356259
2025-09-21,South,Office Supplies,Consumer,123.95,0.0,35.87,2025-09-01,0.28939088342073416
2025-07-21,East,Furniture,Home Office,161.59,0.0,56.13,2025-07-01,0.34736060399777213
2025-01-25,North,Office Supplies,Corporate,27.45,0.1,4.18,2025-01-01,0.15227686703096538
2025-04-05,South,Office Supplies,Consumer,135.25,0.05,28.03,2025-04-01,0.20724584103512014
2025-06-15,South,Furniture,Consumer,225.45,0.05,65.87,2025-06-01,0.292171213129297
2025-08-08,East,Furniture,Home Office,171.68,0.4,-51.77,2025-08-01,-0.30154939422180804
2025-04-29,South,Technology,Consumer,304.01,0.05,73.33,2025-04-01,0.24120917075096215
2025-07-26,East,Furniture,Consumer,48.42,0.05,13.6,2025-07-01,0.2808756712102437
2025-02-23,North,Office Supplies,Consumer,175.78,0.0,59.31,2025-02-01,0.3374103993628399
2025-03-31,North,Office Supplies,Consumer,144.2,0.0,51.14,2025-03-01,0.3546463245492372
2025-05-03,North,Office Supplies,Consumer,339.88,0.2,-13.67,2025-05-01,-0.040220077674473345
2025-05-24,North,Furniture,Corporate,305.5,0.0,112.76,2025-05-01,0.3690998363338789
2025-08-28,West,Technology,Consumer,256.09,0.1,36.11,2025-08-01,0.14100511538912103
2025-05-24,East,Technology,Home Office,77.85,0.05,19.58,2025-05-01,0.2515093127809891
2025-06-20,North,Technology,Consumer,113.19,0.0,32.96,2025-06-01,0.291191801395883
2025-04-23,West,Furniture,Consumer,205.06,0.1,27.14,2025-04-01,0.13235150687603628
2025-09-20,East,Office Supplies,Consumer,31.47,0.05,5.02,2025-09-01,0.15951700031776295
2025-05-21,East,Technology,Consumer,131.59,0.0,51.76,2025-05-01,0.3933429591914279
2025-01-29,North,Technology,Home Office,211.3,0.05,28.3,2025-01-01,0.13393279697113109
2025-06-01,North,Technology,Home Office,81.15,0.05,13.19,2025-06-01,0.16253850893407268
2025-07-24,North,Technology,Home Office,231.09,0.4,-50.73,2025-07-01,-0.21952486044398284
2025-09-24,East,Office Supplies,Corporate,34.52,0.1,1.79,2025-09-01,0.05185399768250289
2025-04-16,East,Technology,Corporate,126.77,0.0,25.03,2025-04-01,0.1974441902658358
2025-11-08,East,Technology,Consumer,56.36,0.0,11.4,2025-11-01,0.20227111426543648
2025-12-18,East,Office Supplies,Home Office,387.43,0.2,21.77,2025-12-01,0.05619079575665281
2025-09-12,West,Furniture,Corporate,358.01,0.0,127.48,2025-09-01,0.3560794391218123
2025-07-23,South,Technology,Consumer,234.34,0.0,55.95,2025-07-01,0.23875565417769054
2025-07-31,South,Office Supplies,Consumer,267.85,0.1,20.45,2025-07-01,0.07634870263207018
2025-04-16,South,Furniture,Corporate,52.67,0.2,-5.3,2025-04-01,-0.10062654262388455
2025-01-28,South,Technology,Consumer,75.84,0.0,16.2,2025-01-01,0.21360759493670883
2025-07-04,South,Office Supplies,Consumer,61.88,0.05,6.89,2025-07-01,0.11134453781512604
2025-08-10,East,Technology,Consumer,99.47,0.0,22.22,2025-08-01,0.22338393485473007
2025-03-22,East,Technology,Home Office,406.89,0.1,88.98,2025-03-01,0.21868318218683183
2025-04-08,South,Technology,Corporate,50.54,0.0,12.75,2025-04-01,0.2522754254056193
2025-03-19,East,Office Supplies,Home Office,50.25,0.1,13.15,2025-03-01,0.26169154228855723
2025-08-08,West,Office Supplies,Consumer,66.33,0.05,11.07,2025-08-01,0.16689280868385348
2025-04-07,North,Office Supplies,Corporate,97.19,0.1,10.6,2025-04-01,0.10906471859244778
2025-05-20,West,Office Supplies,Home Office,143.67,0.4,-21.87,2025-05-01,-0.1522238463144707
2025-09-27,North,Furniture,Consumer,386.67,0.1,89.01,2025-09-01,0.23019629141128095
2025-05-06,North,Furniture,Consumer,98.03,0.1,14.08,2025-05-01,0.14362950117311027
2025-04-05,West,Technology,Consumer,45.14,0.0,12.58,2025-04-01,0.2786885245901639
2025-01-13,East,Office Supplies,Home Office,122.27,0.2,-2.14,2025-01-01,-0.017502249120798234
2025-05-02,West,Office Supplies,Consumer,15.0,0.0,4.48,2025-05-01,0.2986666666666667
2025-12-28,North,Furniture,Corporate,332.66,0.0,91.68,2025-12-01,0.27559670534479647
2025-08-18,North,Technology,Home Office,239.57,0.05,53.14,2025-08-01,0.2218140835663898
2025-05-04,South,Office Supplies,Consumer,236.24,0.0,55.08,2025-05-01,0.2331527260413139
2025-02-17,South,Office Supplies,Home Office,81.89,0.05,20.88,2025-02-01,0.25497618756868967
2025-11-13,North,Office Supplies,Corporate,291.23,0.05,71.49,2025-11-01,0.24547608419462277
2025-02-07,West,Furniture,Consumer,183.4,0.0,45.15,2025-02-01,0.24618320610687022
2025-01-07,South,Office Supplies,Home Office,171.88,0.0,35.77,2025-01-01,0.2081103095182686
2025-04-14,South,Office Supplies,Home Office,123.4,0.4,-28.57,2025-04-01,-0.23152350081037276
2025-07-30,East,Furniture,Consumer,97.9,0.0,31.11,2025-07-01,0.3177732379979571
2025-02-09,East,Office Supplies,Home Office,226.0,0.0,74.02,2025-02-01,0.3275221238938053
2025-06-30,South,Office Supplies,Home Office,26.69,0.0,8.64,2025-06-01,0.3237167478456351
2025-05-18,South,Furniture,Consumer,115.5,0.2,2.43,2025-05-01,0.02103896103896104
2025-03-05,West,Technology,Corporate,178.37,0.05,28.11,2025-03-01,0.15759376576778605
2025-07-24,East,Office Supplies,Home Office,145.39,0.0,41.67,2025-07-01,0.2866084324919183
2025-05-07,West,Office Supplies,Consumer,44.09,0.05,4.03,2025-05-01,0.09140394647312315
2025-09-01,East,Technology,Consumer,258.37,0.05,61.02,2025-09-01,0.23617293029376477
2025-05-01,South,Office Supplies,Consumer,216.36,0.0,68.17,2025-05-01,0.31507672397855424
2025-02-18,East,Technology,Home Office,360.48,0.0,93.58,2025-02-01,0.25959831335996447
2025-12-17,South,Office Supplies,Consumer,124.86,0.2,-2.02,2025-12-01,-0.016178119493833094
2025-11-28,East,Office Supplies,Corporate,353.78,0.0,98.58,2025-11-01,0.27864774718751767
2025-12-18,North,Office Supplies,Corporate,126.52,0.2,3.43,2025-12-01,0.027110338286436927
2025-06-02,West,Office Supplies,Home Office,138.36,0.05,30.1,2025-06-01,0.21754842440011563
2025-09-24,North,Office Supplies,Corporate,158.53,0.05,23.36,2025-09-01,0.14735381315839272
2025-09-25,North,Furniture,Corporate,110.13,0.1,18.04,2025-09-01,0.16380641060564788
2025-10-20,North,Office Supplies,Consumer,134.08,0.0,40.92,2025-10-01,0.30519093078758947
2025-09-01,South,Office Supplies,Consumer,91.33,0.1,10.33,2025-09-01,0.11310631774882295
2025-02-16,East,Office Supplies,Consumer,194.61,0.05,44.15,2025-02-01,0.22686398437901442
2025-08-22,South,Office Supplies,Home Office,59.57,0.05,13.79,2025-08-01,0.2314923619271445
2025-07-02,East,Office Supplies,Consumer,60.68,0.1,8.03,2025-07-01,0.13233355306526037
2025-03-03,West,Technology,Consumer,130.99,0.0,43.62,2025-03-01,0.3330025192762806
2025-05-09,South,Office Supplies,Home Office,808.12,0.1,192.23,2025-05-01,0.23787308815522445
2025-03-22,West,Technology,Home Office,132.9,0.05,27.29,2025-03-01,0.2053423626787058
2025-06-24,East,Office Supplies,Corporate,16.93,0.1,2.38,2025-06-01,0.1405788541051388
2025-08-06,East,Office Supplies,Consumer,522.68,0.05,111.29,2025-08-01,0.21292186423815723
2025-02-08,North,Technology,Consumer,61.25,0.2,4.5,2025-02-01,0.07346938775510205
2025-05-24,East,Furniture,Corporate,123.57,0.0,42.26,2025-05-01,0.3419923929756413
2025-05-30,West,Office Supplies,Consumer,104.69,0.05,17.79,2025-05-01,0.16993027032190275
2025-02-20,West,Furniture,Consumer,189.53,0.0,41.36,2025-02-01,0.21822402785838654
2025-12-21,North,Furniture,Home Office,122.09,0.0,30.18,2025-12-01,0.24719469244000328
2025-10-30,West,Office Supplies,Consumer,120.42,0.05,15.56,2025-10-01,0.1292144162099319
2025-10-14,East,Furniture,Corporate,138.66,0.0,31.14,2025-10-01,0.2245781047165729
2025-03-11,West,Technology,Consumer,237.24,0.1,38.61,2025-03-01,0.16274658573596357
2025-07-13,East,Office Supplies,Consumer,126.77,0.0,35.06,2025-07-01,0.2765638558018459
2025-12-16,West,Office Supplies,Consumer,313.0,0.1,44.04,2025-12-01,0.14070287539936102
2025-02-17,North,Furniture,Consumer,33.64,0.0,11.82,2025-02-01,0.3513674197384067
2025-05-17,West,Technology,Consumer,203.97,0.0,47.99,2025-05-01,0.23527969799480317
2025-11-18,West,Office Supplies,Corporate,232.98,0.0,70.08,2025-11-01,0.3007983517898532
2025-03-05,North,Technology,Consumer,141.91,0.1,18.35,2025-03-01,0.12930730744838279
2025-04-04,North,Furniture,Corporate,164.83,0.2,8.12,2025-04-01,0.0492628769034763
2025-12-21,East,Technology,Consumer,468.93,0.0,149.75,2025-12-01,0.3193440385558612
2025-10-15,West,Technology,Home Office,176.19,0.0,40.76,2025-10-01,0.23134116578693456
2025-01-15,East,Technology,Home Office,82.18,0.2,5.86,2025-01-01,0.07130688732051593
2025-06-25,East,Office Supplies,Corporate,398.26,0.0,126.59,2025-06-01,0.3178576809119671
2025-06-02,West,Office Supplies,Home Office,114.18,0.2,-8.35,2025-06-01,-0.07313014538448064
2025-07-09,North,Furniture,Corporate,59.93,0.05,6.97,2025-07-01,0.11630235274486901
2025-10-17,North,Furniture,Corporate,24.07,0.1,3.48,2025-10-01,0.14457831325301204
2025-06-03,North,Furniture,Corporate,358.1,0.1,51.01,2025-06-01,0.14244624406590337
2025-01-24,South,Furniture,Consumer,142.55,0.05,30.57,2025-01-01,0.21445106980007014
2025-09-07,West,Technology,Consumer,76.46,0.0,19.05,2025-09-01,0.24914988229139423
2025-11-01,East,Technology,Consumer,240.46,0.2,-10.79,2025-11-01,-0.0448723280379273
2025-05-05,North,Furniture,Corporate,194.99,0.1,17.94,2025-05-01,0.09200471819067645
2025-07-13,West,Furniture,Corporate,445.18,0.05,84.05,2025-07-01,0.18880003594051845
2025-06-13,North,Office Supplies,Consumer,266.34,0.0,71.62,2025-06-01,0.2689044078996771
2025-11-10,West,Office Supplies,Consumer,240.06,0.1,45.89,2025-11-01,0.19116054319753395
2025-05-12,West,Office Supplies,Corporate,217.62,0.1,44.16,2025-05-01,0.20292252550317064
2025-07-05,North,Furniture,Corporate,71.47,0.0,21.64,2025-07-01,0.30278438505666716
2025-10-05,North,Technology,Consumer,432.1,0.0,123.73,2025-10-01,0.2863457532978477
2025-09-03,South,Technology,Consumer,141.12,0.3,-10.91,2025-09-01,-0.07731009070294785
2025-07-09,East,Office Supplies,Corporate,201.86,0.2,-3.3,2025-07-01,-0.01634796393540077
2025-02-10,South,Furniture,Corporate,185.7,0.1,14.16,2025-02-01,0.07625201938610662
2025-11-07,West,Technology,Corporate,96.07,0.0,22.51,2025-11-01,0.23430831685229522
2025-03-05,East,Technology,Consumer,109.24,0.05,31.32,2025-03-01,0.28670816550714023
2025-08-03,West,Furniture,Corporate,100.44,0.0,27.92,2025-08-01,0.27797690163281563
2025-04-27,South,Technology,Corporate,60.97,0.3,-10.58,2025-04-01,-0.1735279645727407
2025-12-19,North,Technology,Consumer,35.17,0.1,4.07,2025-12-01,0.11572362809212397
2025-09-30,East,Technology,Consumer,398.52,0.1,51.35,2025-09-01,0.12885175148047778
2025-01-18,South,Technology,Corporate,109.26,0.0,28.42,2025-01-01,0.2601134907559949
2025-06-16,South,Office Supplies,Corporate,383.46,0.1,3.98,2025-06-01,0.010379179053877849
2025-05-08,South,Technology,Home Office,58.95,0.05,12.31,2025-05-01,0.20882103477523326
2025-03-22,North,Technology,Corporate,307.23,0.0,75.44,2025-03-01,0.24554893727826058
2025-11-24,East,Technology,Home Office,117.42,0.3,-4.12,2025-11-01,-0.03508771929824561
2025-01-22,East,Furniture,Consumer,118.34,0.05,31.36,2025-01-01,0.26499915497718435
2025-01-16,East,Office Supplies,Home Office,66.93,0.1,14.06,2025-01-01,0.21007022262064842
2025-01-09,North,Furniture,Home Office,140.8,0.0,40.18,2025-01-01,0.28536931818181815
2025-02-26,West,Furniture,Home Office,88.85,0.0,19.9,2025-02-01,0.22397298818232977
2025-03-11,North,Technology,Home Office,184.27,0.1,15.28,2025-03-01,0.08292179953329352
2025-01-27,West,Technology,Corporate,207.22,0.0,30.49,2025-01-01,0.147138307113213
2025-04-02,East,Technology,Consumer,306.56,0.2,26.6,2025-04-01,0.08676931106471816
2025-03-05,North,Office Supplies,Consumer,105.74,0.0,26.6,2025-03-01,0.2515604312464536
2025-05-20,West,Office Supplies,Corporate,265.88,0.05,49.27,2025-05-01,0.18530916202798256
2025-12-10,West,Office Supplies,Consumer,382.33,0.1,73.45,2025-12-01,0.1921115266916015
2025-06-30,West,Technology,Corporate,73.89,0.1,13.21,2025-06-01,0.17877926647719583
2025-09-30,South,Office Supplies,Corporate,172.85,0.05,19.16,2025-09-01,0.11084755568411918
2025-10-15,West,Technology,Consumer,151.19,0.0,47.57,2025-10-01,0.3146372114557841
2025-11-17,North,Furniture,Consumer,238.26,0.4,-58.04,2025-11-01,-0.24359942919499708
2025-06-19,North,Office Supplies,Home Office,281.91,0.0,91.17,2025-06-01,0.32340108545280405
2025-10-07,North,Office Supplies,Corporate,151.02,0.05,37.66,2025-10-01,0.24937094424579523
2025-11-17,North,Office Supplies,Consumer,246.3,0.0,66.84,2025-11-01,0.27137637028014616
2025-02-07,North,Furniture,Consumer,132.04,0.0,46.77,2025-02-01,0.3542108451984248
2025-12-14,West,Furniture,Consumer,152.67,0.2,11.33,2025-12-01,0.07421235344206459
2025-09-29,South,Technology,Consumer,336.4,0.0,106.15,2025-09-01,0.3155469678953627
2025-06-19,South,Office Supplies,Consumer,94.08,0.05,26.78,2025-06-01,0.2846513605442177
2025-07-01,West,Technology,Corporate,61.3,0.05,11.21,2025-07-01,0.18287112561174554
2025-05-12,North,Technology,Corporate,91.36,0.0,17.77,2025-05-01,0.19450525394045534
2025-03-21,North,Furniture,Corporate,191.57,0.3,-21.18,2025-03-01,-0.11056010857649945
2025-03-29,South,Office Supplies,Corporate,304.46,0.0,105.09,2025-03-01,0.3451684950403994
2025-06-13,North,Furniture,Home Office,114.5,0.0,31.73,2025-06-01,0.277117903930131
2025-08-31,West,Technology,Consumer,221.48,0.05,34.73,2025-08-01,0.15680874119559327
2025-02-01,West,Technology,Home Office,116.12,0.1,18.03,2025-02-01,0.15527040992077162
2025-05-07,North,Office Supplies,Consumer,238.11,0.0,59.74,2025-05-01,0.2508924446684305
2025-01-09,North,Technology,Home Office,218.12,0.2,-9.31,2025-01-01,-0.042682926829268296
2025-12-18,West,Office Supplies,Consumer,102.49,0.05,20.92,2025-12-01,0.20411747487559764
2025-02-19,North,Technology,Home Office,148.37,0.05,31.04,2025-02-01,0.20920671294736132
2025-07-29,South,Technology,Consumer,272.64,0.1,63.49,2025-07-01,0.2328711854460094
2025-01-05,West,Technology,Home Office,197.29,0.05,34.01,2025-01-01,0.17238582796897967
2025-02-05,North,Technology,Consumer,204.75,0.0,43.7,2025-02-01,0.21343101343101345
2025-04-17,South,Office Supplies,Home Office,44.59,0.0,11.84,2025-04-01,0.26553038797936757
2025-01-13,East,Office Supplies,Consumer,509.38,0.0,121.54,2025-01-01,0.2386037928462052
2025-04-04,South,Technology,Consumer,134.03,0.1,20.47,2025-04-01,0.15272700141759307
2025-02-17,East,Technology,Corporate,165.39,0.0,52.19,2025-02-01,0.31555716790616123
2025-09-24,North,Technology,Consumer,499.6,0.0,179.52,2025-09-01,0.35932746196957566
2025-02-06,West,Office Supplies,Consumer,220.7,0.1,48.27,2025-02-01,0.21871318531943817
2025-07-10,South,Office Supplies,Consumer,155.06,0.1,31.76,2025-07-01,0.20482393912034053
2025-08-16,East,Office Supplies,Home Office,707.37,0.05,113.33,2025-08-01,0.16021318404795226
2025-02-03,South,Furniture,Home Office,107.45,0.2,3.72,2025-02-01,0.034620753838994885
2025-02-24,North,Office Supplies,Consumer,272.09,0.0,67.59,2025-02-01,0.2484104524238304
2025-03-13,West,Technology,Consumer,83.32,0.1,15.56,2025-03-01,0.18674987998079695
2025-12-12,South,Technology,Consumer,235.21,0.0,79.32,2025-12-01,0.3372305599251732
2025-01-25,South,Technology,Corporate,135.07,0.0,40.43,2025-01-01,0.2993262752646776
2025-11-21,West,Furniture,Corporate,104.11,0.05,33.43,2025-11-01,0.3211026798578427
2025-07-24,South,Furniture,Consumer,212.11,0.3,-19.58,2025-07-01,-0.0923105935599453
2025-01-16,North,Office Supplies,Consumer,71.07,0.3,-8.57,2025-01-01,-0.1205853383987618
2025-06-02,East,Technology,Consumer,260.81,0.05,72.95,2025-06-01,0.2797055327633143
2025-01-26,East,Office Supplies,Home Office,215.22,0.1,32.03,2025-01-01,0.14882445869342997
2025-09-24,North,Technology,Corporate,103.6,0.05,23.17,2025-09-01,0.22364864864864867
2025-07-22,South,Office Supplies,Consumer,350.1,0.0,86.75,2025-07-01,0.2477863467580691
2025-04-16,North,Office Supplies,Consumer,285.21,0.05,65.27,2025-04-01,0.22884891834087165
2025-09-28,West,Office Supplies,Home Office,120.65,0.0,29.92,2025-09-01,0.2479900538748446
2025-01-31,South,Technology,Consumer,168.41,0.1,14.29,2025-01-01,0.08485244344160085
2025-05-03,South,Technology,Consumer,164.8,0.05,42.61,2025-05-01,0.2585558252427184
2025-05-11,North,Furniture,Consumer,219.46,0.1,36.77,2025-05-01,0.16754761687779096
2025-02-03,South,Office Supplies,Consumer,271.37,0.05,51.76,2025-02-01,0.19073589564063823
2025-02-23,South,Office Supplies,Corporate,240.03,0.05,68.62,2025-02-01,0.2858809315502229
2025-03-03,West,Furniture,Corporate,146.27,0.4,-37.71,2025-03-01,-0.2578108976550215
2025-12-31,North,Technology,Corporate,202.08,0.1,38.76,2025-12-01,0.19180522565320662
2025-11-10,North,Office Supplies,Consumer,52.11,0.2,0.23,2025-11-01,0.004413740165035502
2025-07-19,South,Office Supplies,Corporate,223.37,0.1,44.82,2025-07-01,0.20065362403187537
2025-11-14,North,Office Supplies,Consumer,64.45,0.0,11.3,2025-11-01,0.17532971295577968
2025-11-10,North,Technology,Consumer,340.76,0.0,68.81,2025-11-01,0.20193097781429747
2025-07-17,East,Office Supplies,Consumer,272.88,0.0,58.08,2025-07-01,0.21284080914687775
2025-06-29,East,Furniture,Corporate,102.11,0.3,-7.76,2025-06-01,-0.07599647439036333
2025-07-17,South,Office Supplies,Consumer,63.96,0.1,5.6,2025-07-01,0.08755472170106315
2025-05-24,East,Technology,Consumer,186.87,0.05,42.52,2025-05-01,0.22753786054476374
2025-08-18,North,Technology,Consumer,244.29,0.4,-75.72,2025-08-01,-0.30995947439518606
2025-07-01,South,Furniture,Corporate,174.16,0.1,32.93,2025-07-01,0.18907900780891135
2025-05-22,South,Office Supplies,Consumer,70.7,0.3,-9.15,2025-05-01,-0.12942008486562942
2025-12-10,East,Furniture,Home Office,350.22,0.05,93.45,2025-12-01,0.2668322768545486
2025-07-20,South,Office Supplies,Home Office,122.38,0.0,46.73,2025-07-01,0.3818434384703383
2025-11-15,North,Furniture,Consumer,103.53,0.0,40.93,2025-11-01,0.3953443446344055
2025-03-14,South,Technology,Home Office,124.26,0.0,41.36,2025-03-01,0.33285047481088037
2025-10-01,South,Office Supplies,Home Office,196.71,0.05,36.43,2025-10-01,0.18519648213105586
2025-02-13,South,Office Supplies,Corporate,123.72,0.2,1.31,2025-02-01,0.010588425476883285
2025-06-25,North,Technology,Consumer,106.12,0.2,6.05,2025-06-01,0.057010931021485106
2025-12-10,East,Office Supplies,Consumer,185.76,0.05,37.72,2025-12-01,0.20305770887166236
2025-06-04,South,Office Supplies,Corporate,193.38,0.2,-0.67,2025-06-01,-0.0034646809390836697
2025-09-09,South,Office Supplies,Consumer,76.87,0.0,22.58,2025-09-01,0.2937426824508911
2025-11-03,North,Office Supplies,Consumer,119.8,0.05,25.42,2025-11-01,0.21218697829716196
2025-06-01,East,Office Supplies,Consumer,55.09,0.0,19.19,2025-06-01,0.3483390815029951
2025-12-28,West,Technology,Home Office,90.05,0.3,-20.39,2025-12-01,-0.2264297612437535
2025-06-09,East,Office Supplies,Consumer,125.55,0.0,42.97,2025-06-01,0.3422540820390283
2025-08-02,East,Technology,Consumer,259.08,0.05,47.16,2025-08-01,0.18202871699861048
2025-07-26,East,Technology,Corporate,432.84,0.2,40.82,2025-07-01,0.09430736530819703
2025-08-21,West,Office Supplies,Corporate,259.81,0.0,84.24,2025-08-01,0.32423694238097067
2025-12-21,South,Furniture,Consumer,224.87,0.1,19.33,2025-12-01,0.0859607773380175
2025-07-28,South,Office Supplies,Home Office,227.51,0.05,44.94,2025-07-01,0.1975297789108171
2025-02-20,East,Office Supplies,Corporate,98.33,0.05,27.39,2025-02-01,0.27855181531577344
2025-09-29,North,Office Supplies,Consumer,87.3,0.0,29.41,2025-09-01,0.3368843069873998
2025-07-24,West,Furniture,Consumer,178.96,0.0,49.21,2025-07-01,0.2749776486365668
2025-07-11,North,Technology,Consumer,250.93,0.2,-5.78,2025-07-01,-0.023034312358028136
2025-03-25,East,Office Supplies,Consumer,218.8,0.05,49.61,2025-03-01,0.22673674588665446
2025-09-03,South,Furniture,Consumer,228.39,0.0,71.31,2025-09-01,0.3122290818337055
2025-04-08,West,Office Supplies,Consumer,202.63,0.1,10.04,2025-04-01,0.04954843803977693
2025-05-06,West,Technology,Consumer,237.68,0.3,-14.88,2025-05-01,-0.06260518343991922
2025-04-25,South,Office Supplies,Corporate,163.55,0.2,-6.51,2025-04-01,-0.03980434118006725
2025-07-14,West,Technology,Corporate,248.83,0.0,73.97,2025-07-01,0.29727122935337374
2025-11-14,West,Technology,Consumer,173.47,0.0,49.53,2025-11-01,0.2855248746180896
2025-12-14,North,Furniture,Consumer,103.86,0.0,34.03,2025-12-01,0.3276526092817254
2025-01-02,South,Technology,Home Office,47.83,0.1,2.66,2025-01-01,0.05561363161195903
2025-05-22,North,Furniture,Consumer,158.64,0.0,54.49,2025-05-01,0.34348209783156836
2025-07-26,North,Technology,Consumer,110.89,0.05,22.23,2025-07-01,0.20046893317702227
2025-08-09,South,Office Supplies,Consumer,141.09,0.05,31.7,2025-08-01,0.22467928272733714
2025-07-20,South,Office Supplies,Corporate,152.62,0.3,-17.0,2025-07-01,-0.11138776045079282
2025-11-04,South,Technology,Corporate,121.41,0.05,18.71,2025-11-01,0.1541059220822008
2025-05-26,South,Office Supplies,Corporate,343.48,0.0,93.95,2025-05-01,0.27352393152439736
2025-03-18,South,Technology,Corporate,239.95,0.3,-34.41,2025-03-01,-0.14340487601583662
2025-07-31,West,Technology,Home Office,199.64,0.05,34.48,2025-07-01,0.17271087958324985
2025-09-25,East,Technology,Corporate,85.89,0.05,24.43,2025-09-01,0.2844335778321108
2025-10-19,South,Technology,Corporate,69.04,0.0,20.92,2025-10-01,0.3030127462340672
2025-10-19,East,Office Supplies,Consumer,26.35,0.0,10.04,2025-10-01,0.38102466793168877
2025-12-06,South,Technology,Corporate,161.43,0.1,20.68,2025-12-01,0.12810506101715913
2025-05-09,North,Office Supplies,Corporate,294.04,0.1,47.32,2025-05-01,0.1609304856482111
2025-02-28,South,Furniture,Consumer,488.42,0.4,-112.27,2025-02-01,-0.2298636419475042
2025-01-25,South,Technology,Consumer,136.49,0.0,28.88,2025-01-01,0.21159059271741518
2025-12-29,North,Technology,Home Office,56.72,0.05,13.08,2025-12-01,0.2306064880112835
2025-09-01,East,Office Supplies,Consumer,237.78,0.0,60.55,2025-09-01,0.2546471528303474
2025-06-01,South,Furniture,Consumer,103.84,0.05,12.08,2025-06-01,0.11633281972265022
2025-12-01,North,Furniture,Consumer,70.25,0.05,15.5,2025-12-01,0.2206405693950178
2025-10-11,East,Furniture,Corporate,198.57,0.05,40.59,2025-10-01,0.20441154252908297
2025-12-31,South,Technology,Corporate,367.8,0.1,79.61,2025-12-01,0.21644915715062532
2025-01-28,East,Office Supplies,Corporate,129.06,0.1,9.39,2025-01-01,0.07275685727568573
2025-10-05,North,Technology,Consumer,223.41,0.4,-53.99,2025-10-01,-0.24166330961013385
2025-08-31,North,Office Supplies,Home Office,95.15,0.1,9.51,2025-08-01,0.09994745139253809
2025-12-30,East,Furniture,Consumer,227.02,0.3,-32.51,2025-12-01,-0.14320324200510967
2025-03-04,West,Office Supplies,Consumer,482.99,0.0,140.77,2025-03-01,0.29145530963373983
2025-10-26,South,Technology,Consumer,474.62,0.05,117.02,2025-10-01,0.24655513884792044
2025-05-12,South,Office Supplies,Home Office,151.09,0.1,30.99,2025-05-01,0.2051095373618373
2025-09-06,West,Office Supplies,Corporate,101.88,0.1,20.77,2025-09-01,0.20386729485669416
2025-06-06,East,Office Supplies,Corporate,94.47,0.4,-28.38,2025-06-01,-0.3004128294696729
2025-05-30,West,Office Supplies,Consumer,145.94,0.0,42.79,2025-05-01,0.293202686035357
2025-09-30,West,Office Supplies,Consumer,381.21,0.0,71.81,2025-09-01,0.1883738621757037
2025-11-29,North,Technology,Home Office,72.05,0.1,14.63,2025-11-01,0.20305343511450383
2025-12-09,North,Technology,Consumer,210.61,0.0,52.79,2025-12-01,0.2506528654859693
2025-10-04,East,Technology,Consumer,75.68,0.1,9.69,2025-10-01,0.12803911205073995
2025-10-28,North,Furniture,Consumer,153.36,0.05,28.59,2025-10-01,0.1864241001564945
2025-06-08,West,Office Supplies,Corporate,219.7,0.05,50.43,2025-06-01,0.2295402822030041
2025-01-31,South,Office Supplies,Home Office,164.91,0.1,13.43,2025-01-01,0.08143836031774908
2025-04-07,East,Technology,Home Office,316.2,0.1,53.85,2025-04-01,0.170303605313093
2025-02-06,West,Office Supplies,Corporate,199.11,0.1,20.47,2025-02-01,0.10280749334538695
2025-05-26,North,Furniture,Corporate,235.82,0.05,42.0,2025-05-01,0.17810194215927402
2025-09-10,North,Office Supplies,Home Office,84.02,0.0,22.79,2025-09-01,0.27124494168055224
2025-07-23,North,Technology,Consumer,264.75,0.1,39.12,2025-07-01,0.14776203966005666
2025-12-12,South,Technology,Consumer,412.59,0.0,98.23,2025-12-01,0.23808138830315811
2025-07-06,East,Technology,Corporate,113.28,0.4,-34.54,2025-07-01,-0.3049081920903955
2025-09-04,East,Technology,Corporate,163.33,0.1,18.35,2025-09-01,0.11234923161697177
2025-05-08,East,Technology,Corporate,103.11,0.1,20.36,2025-05-01,0.19745902434293472
2025-10-18,West,Office Supplies,Corporate,276.65,0.05,46.9,2025-10-01,0.16952828483643595
2025-04-04,South,Office Supplies,Consumer,55.0,0.1,8.19,2025-04-01,0.1489090909090909
2025-08-24,West,Technology,Corporate,227.24,0.1,45.12,2025-08-01,0.19855659214926946
2025-01-30,North,Furniture,Consumer,276.95,0.05,52.12,2025-01-01,0.18819281458747067
2025-09-25,South,Technology,Consumer,153.61,0.0,40.38,2025-09-01,0.26287351083913807
2025-04-09,West,Office Supplies,Corporate,163.71,0.1,27.08,2025-04-01,0.1654144523853155
2025-11-17,West,Furniture,Home Office,189.31,0.05,31.1,2025-11-01,0.16428080925466168
2025-01-18,South,Furniture,Consumer,111.38,0.2,-0.45,2025-01-01,-0.0040402226611599935
2025-06-18,North,Furniture,Corporate,105.48,0.2,8.55,2025-06-01,0.0810580204778157
2025-02-15,South,Office Supplies,Corporate,138.55,0.05,24.78,2025-02-01,0.17885239985564777
2025-05-13,East,Technology,Consumer,503.36,0.1,69.05,2025-05-01,0.13717816274634456
2025-06-03,South,Office Supplies,Home Office,214.66,0.0,52.77,2025-06-01,0.24583061585763535
2025-09-30,West,Technology,Corporate,191.28,0.1,26.06,2025-09-01,0.13624006691760768
2025-12-03,South,Office Supplies,Corporate,68.75,0.4,-22.11,2025-12-01,-0.3216
2025-02-04,South,Technology,Consumer,291.92,0.3,-16.74,2025-02-01,-0.057344477939161406
2025-04-04,South,Office Supplies,Corporate,146.17,0.1,28.18,2025-04-01,0.19278921803379628
2025-12-09,North,Office Supplies,Corporate,184.8,0.1,24.3,2025-12-01,0.1314935064935065
2025-08-20,South,Office Supplies,Corporate,180.19,0.1,18.76,2025-08-01,0.10411232587823964
2025-10-15,West,Technology,Corporate,59.53,0.4,-12.72,2025-10-01,-0.21367377792709558
2025-01-21,South,Technology,Consumer,223.14,0.05,32.84,2025-01-01,0.14717217890113832
2025-08-09,North,Office Supplies,Consumer,342.93,0.1,35.2,2025-08-01,0.10264485463505672
2025-06-23,West,Technology,Corporate,395.68,0.05,99.93,2025-06-01,0.2525525677315002
2025-03-18,North,Office Supplies,Home Office,222.61,0.0,51.22,2025-03-01,0.2300884955752212
2025-05-29,South,Technology,Consumer,65.65,0.0,23.04,2025-05-01,0.3509520182787509
2025-01-17,East,Office Supplies,Consumer,99.92,0.05,15.73,2025-01-01,0.15742594075260208
2025-08-26,North,Office Supplies,Corporate,239.52,0.2,-7.4,2025-08-01,-0.030895123580494323
2025-02-20,North,Technology,Corporate,43.2,0.0,8.37,2025-02-01,0.19374999999999998
2025-12-28,South,Technology,Consumer,99.4,0.05,15.56,2025-12-01,0.15653923541247486
2025-07-25,West,Technology,Consumer,38.02,0.0,8.94,2025-07-01,0.23513940031562333
2025-02-28,South,Technology,Consumer,120.94,0.2,4.67,2025-02-01,0.03861418885397718
2025-12-19,North,Office Supplies,Consumer,86.45,0.05,18.61,2025-12-01,0.21526894158473103
2025-10-07,East,Furniture,Consumer,275.72,0.0,63.86,2025-10-01,0.23161178006673433
2025-06-24,West,Office Supplies,Home Office,25.57,0.0,5.87,2025-06-01,0.2295658975361752
2025-11-30,North,Furniture,Corporate,462.7,0.0,134.52,2025-11-01,0.29072833369353795
2025-04-26,East,Technology,Consumer,281.68,0.05,53.34,2025-04-01,0.1893638170974155
2025-11-09,North,Office Supplies,Consumer,113.62,0.2,-5.79,2025-11-01,-0.050959338144692834
2025-10-03,East,Technology,Corporate,66.43,0.0,19.2,2025-10-01,0.28902604245069996
2025-09-11,East,Furniture,Corporate,235.2,0.05,39.11,2025-09-01,0.16628401360544218
2025-12-07,West,Technology,Consumer,75.44,0.1,14.13,2025-12-01,0.18730116648992579
2025-11-08,West,Furniture,Consumer,93.72,0.1,18.0,2025-11-01,0.19206145966709348
2025-03-27,West,Office Supplies,Corporate,102.57,0.4,-28.82,2025-03-01,-0.28097884371648635
2025-06-10,West,Office Supplies,Home Office,168.12,0.0,52.91,2025-06-01,0.31471567927670707
2025-06-02,North,Technology,Consumer,230.91,0.0,62.87,2025-06-01,0.2722705816118834
2025-09-01,West,Office Supplies,Consumer,254.74,0.1,17.22,2025-09-01,0.06759833555782366
2025-01-02,East,Office Supplies,Corporate,233.95,0.0,44.8,2025-01-01,0.1914939089549049
2025-06-13,North,Technology,Corporate,192.15,0.05,50.49,2025-06-01,0.26276346604215456
2025-05-07,West,Technology,Corporate,280.14,0.05,64.66,2025-05-01,0.23081316484614836
2025-01-06,South,Furniture,Corporate,184.81,0.05,39.79,2025-01-01,0.21530220226178237
2025-07-22,North,Office Supplies,Corporate,194.0,0.0,49.66,2025-07-01,0.25597938144329896
2025-06-04,South,Office Supplies,Corporate,272.38,0.0,71.62,2025-06-01,0.26294147881635954
2025-10-26,South,Technology,Consumer,142.13,0.2,-11.84,2025-10-01,-0.08330401744881447
2025-06-20,West,Technology,Consumer,60.86,0.1,6.22,2025-06-01,0.10220177456457442
2025-01-13,South,Office Supplies,Consumer,586.12,0.1,87.62,2025-01-01,0.14949157169180374
2025-01-08,South,Technology,Corporate,171.78,0.05,40.4,2025-01-01,0.23518453836302247
2025-12-16,North,Office Supplies,Corporate,68.83,0.0,22.0,2025-12-01,0.3196280691558913
2025-12-15,West,Technology,Consumer,127.02,0.05,21.49,2025-12-01,0.16918595496772162
2025-07-16,West,Furniture,Consumer,228.21,0.05,51.3,2025-07-01,0.2247929538582884
2025-12-10,North,Office Supplies,Consumer,128.23,0.0,41.33,2025-12-01,0.32231147157451456
2025-03-01,West,Technology,Corporate,215.43,0.0,75.95,2025-03-01,0.3525507125284315
2025-04-16,South,Office Supplies,Consumer,227.18,0.05,66.46,2025-04-01,0.29254335768993744
2025-03-10,North,Furniture,Corporate,69.55,0.05,16.24,2025-03-01,0.23350107836089143
2025-08-22,West,Office Supplies,Home Office,308.09,0.1,19.18,2025-08-01,0.06225453601220423
2025-05-25,North,Office Supplies,Corporate,66.92,0.0,16.0,2025-05-01,0.2390914524805738
2025-08-30,West,Office Supplies,Corporate,402.03,0.05,69.58,2025-08-01,0.17307166131880705
2025-03-17,West,Office Supplies,Consumer,97.33,0.05,40.9,2025-03-01,0.42021987054351173
2025-07-25,West,Furniture,Consumer,310.65,0.05,77.72,2025-07-01,0.2501850957669403
2025-03-29,West,Office Supplies,Consumer,63.21,0.4,-14.6,2025-03-01,-0.23097611137478247
2025-11-19,North,Technology,Home Office,289.96,0.2,-8.07,2025-11-01,-0.027831425024141265
2025-04-02,South,Office Supplies,Consumer,196.85,0.05,47.32,2025-04-01,0.24038608077216156
2025-07-17,West,Office Supplies,Consumer,170.07,0.1,43.28,2025-07-01,0.2544834479920033
2025-03-29,North,Office Supplies,Home Office,160.64,0.2,13.91,2025-03-01,0.08659113545816734
2025-11-08,East,Office Supplies,Home Office,310.17,0.1,15.63,2025-11-01,0.05039172066931038
2025-08-03,South,Technology,Consumer,151.89,0.0,44.68,2025-08-01,0.29416024754756737
2025-07-05,West,Technology,Corporate,454.41,0.1,60.14,2025-07-01,0.13234743953698203
2025-09-27,North,Furniture,Consumer,223.25,0.05,60.3,2025-09-01,0.27010078387458003
2025-05-05,West,Office Supplies,Consumer,63.12,0.1,11.53,2025-05-01,0.1826679340937896
2025-02-17,East,Office Supplies,Home Office,255.33,0.1,-2.77,2025-02-01,-0.010848705596678807
2025-02-01,West,Office Supplies,Corporate,115.05,0.4,-35.47,2025-02-01,-0.3083007388092134
2025-07-06,East,Office Supplies,Corporate,263.9,0.0,55.29,2025-07-01,0.20951117847669573
2025-09-09,East,Technology,Consumer,201.9,0.05,58.95,2025-09-01,0.2919762258543834
2025-08-06,West,Technology,Corporate,513.83,0.1,90.04,2025-08-01,0.17523305373372516
2025-02-07,South,Technology,Corporate,223.51,0.05,32.58,2025-02-01,0.14576529014361772
2025-05-31,West,Technology,Consumer,100.09,0.0,22.33,2025-05-01,0.22309921071036065
2025-02-02,North,Office Supplies,Consumer,126.8,0.0,36.3,2025-02-01,0.2862776025236593
2025-11-01,West,Furniture,Home Office,432.43,0.05,84.56,2025-11-01,0.1955460999468122
2025-03-11,North,Furniture,Consumer,329.52,0.1,47.98,2025-03-01,0.1456057295460063
2025-06-02,East,Technology,Corporate,132.63,0.05,27.3,2025-06-01,0.20583578375933048
2025-12-14,North,Furniture,Corporate,61.54,0.0,17.88,2025-12-01,0.2905427364315892
2025-09-17,East,Technology,Corporate,157.25,0.0,42.5,2025-09-01,0.2702702702702703
2025-03-15,North,Office Supplies,Consumer,431.77,0.1,23.74,2025-03-01,0.05498297704796535
2025-11-21,North,Technology,Consumer,156.72,0.0,39.75,2025-11-01,0.25363705972434913
2025-03-26,West,Office Supplies,Consumer,543.3,0.0,125.25,2025-03-01,0.2305356156819437
2025-11-26,East,Office Supplies,Consumer,417.71,0.0,113.98,2025-11-01,0.27286873668334494
2025-03-17,East,Office Supplies,Consumer,276.11,0.0,80.31,2025-03-01,0.29086233747419504
2025-06-25,South,Technology,Home Office,239.06,0.4,-87.67,2025-06-01,-0.3667280180707772
2025-05-30,South,Technology,Consumer,53.06,0.0,11.52,2025-05-01,0.21711270260082924
2025-01-31,East,Technology,Corporate,193.48,0.0,46.06,2025-01-01,0.23806078147612159
2025-01-06,West,Furniture,Home Office,235.39,0.0,71.86,2025-01-01,0.30528059815625136
2025-07-12,East,Technology,Consumer,206.18,0.05,44.13,2025-07-01,0.21403627897953245
2025-12-04,South,Office Supplies,Consumer,227.96,0.0,52.44,2025-12-01,0.23004035795753638
2025-08-12,East,Technology,Consumer,302.63,0.0,73.72,2025-08-01,0.24359779268413576
2025-08-06,East,Technology,Corporate,72.53,0.0,20.09,2025-08-01,0.2769888322073625
2025-03-12,West,Technology,Consumer,363.84,0.3,-46.14,2025-03-01,-0.12681398416886544
2025-10-12,South,Furniture,Consumer,178.08,0.3,-25.88,2025-10-01,-0.1453279424977538
2025-11-22,South,Office Supplies,Home Office,393.48,0.05,60.33,2025-11-01,0.15332418420250074
2025-10-15,South,Office Supplies,Consumer,22.71,0.05,4.2,2025-10-01,0.18494055482166447
2025-03-06,South,Technology,Home Office,173.54,0.05,34.27,2025-03-01,0.19747608620490956
2025-02-10,North,Technology,Home Office,337.17,0.0,85.33,2025-02-01,0.253077082777234
2025-04-30,East,Office Supplies,Home Office,58.6,0.4,-8.78,2025-04-01,-0.14982935153583615
2025-01-18,South,Office Supplies,Consumer,76.37,0.1,13.17,2025-01-01,0.17244991488804504
2025-03-21,North,Office Supplies,Home Office,99.6,0.2,1.51,2025-03-01,0.015160642570281125
2025-11-08,South,Office Supplies,Consumer,120.15,0.0,31.85,2025-11-01,0.26508531002913027
2025-09-18,East,Technology,Corporate,457.59,0.2,60.61,2025-09-01,0.13245481763150418
2025-06-29,North,Furniture,Consumer,295.74,0.2,6.66,2025-06-01,0.02251978088861838
2025-02-17,West,Technology,Home Office,210.73,0.1,43.69,2025-02-01,0.20732691121340102
2025-03-26,South,Office Supplies,Consumer,253.82,0.0,70.18,2025-03-01,0.2764951540461745
2025-03-16,West,Technology,Home Office,371.5,0.0,112.96,2025-03-01,0.30406460296096904
2025-05-29,West,Technology,Consumer,307.14,0.05,98.19,2025-05-01,0.319691345966009
2025-07-28,West,Technology,Consumer,102.95,0.2,1.52,2025-07-01,0.014764448761534725
2025-06-21,West,Technology,Consumer,286.47,0.4,-65.5,2025-06-01,-0.22864523335776868
2025-08-13,North,Office Supplies,Consumer,300.84,0.0,80.29,2025-08-01,0.26688605238665075
2025-10-25,West,Technology,Corporate,264.22,0.05,58.6,2025-10-01,0.22178487623949736
2025-02-23,West,Technology,Consumer,333.8,0.0,113.44,2025-02-01,0.33984421809466747
2025-10-09,North,Technology,Home Office,207.5,0.05,47.86,2025-10-01,0.23065060240963856
2025-04-26,South,Technology,Corporate,73.79,0.0,23.48,2025-04-01,0.31820029814337986
2025-04-17,West,Furniture,Corporate,249.78,0.05,44.85,2025-04-01,0.17955801104972377
